status,approach,model_slug,device_profile,prompt_strategy,seed,entity_type,tp,fp,fn,precision,recall,f1
completed,llm_http,aya-expanse-8b,gpu,one-shot,1771,CARDINAL,0,10,240,0.0,0.0,0.0
completed,llm_http,aya-expanse-8b,gpu,one-shot,1771,DATE,14,292,329,0.0457516339869281,0.04081632653061224,0.04314329738058551
completed,llm_http,aya-expanse-8b,gpu,one-shot,1771,EVENT,5,480,90,0.010309278350515464,0.05263157894736842,0.017241379310344827
completed,llm_http,aya-expanse-8b,gpu,one-shot,1771,FAC,0,4,46,0.0,0.0,0.0
completed,llm_http,aya-expanse-8b,gpu,one-shot,1771,GPE,7,382,559,0.017994858611825194,0.012367491166077738,0.014659685863874346
completed,llm_http,aya-expanse-8b,gpu,one-shot,1771,LANGUAGE,0,24,29,0.0,0.0,0.0
completed,llm_http,aya-expanse-8b,gpu,one-shot,1771,LAW,0,6,6,0.0,0.0,0.0
completed,llm_http,aya-expanse-8b,gpu,one-shot,1771,LOC,2,276,48,0.007194244604316547,0.04,0.012195121951219511
completed,llm_http,aya-expanse-8b,gpu,one-shot,1771,MONEY,1,10,4,0.09090909090909091,0.2,0.12500000000000003
completed,llm_http,aya-expanse-8b,gpu,one-shot,1771,NORP,1,232,211,0.004291845493562232,0.0047169811320754715,0.0044943820224719105
completed,llm_http,aya-expanse-8b,gpu,one-shot,1771,ORDINAL,0,34,104,0.0,0.0,0.0
completed,llm_http,aya-expanse-8b,gpu,one-shot,1771,ORG,9,249,241,0.03488372093023256,0.036,0.03543307086614173
completed,llm_http,aya-expanse-8b,gpu,one-shot,1771,PERCENT,0,10,4,0.0,0.0,0.0
completed,llm_http,aya-expanse-8b,gpu,one-shot,1771,PERSON,34,563,620,0.05695142378559464,0.05198776758409786,0.05435651478816947
completed,llm_http,aya-expanse-8b,gpu,one-shot,1771,PRODUCT,3,186,58,0.015873015873015872,0.04918032786885246,0.023999999999999997
completed,llm_http,aya-expanse-8b,gpu,one-shot,1771,QUANTITY,4,209,32,0.018779342723004695,0.1111111111111111,0.032128514056224904
completed,llm_http,aya-expanse-8b,gpu,one-shot,1771,TIME,0,129,4,0.0,0.0,0.0
completed,llm_http,aya-expanse-8b,gpu,one-shot,1771,TITLE,2,156,151,0.012658227848101266,0.013071895424836602,0.012861736334405145
completed,llm_http,aya-expanse-8b,gpu,one-shot,1771,WORK_OF_ART,5,404,153,0.012224938875305624,0.03164556962025317,0.01763668430335097
completed,llm_http,aya-expanse-8b,gpu,one-shot,2401,CARDINAL,0,8,240,0.0,0.0,0.0
completed,llm_http,aya-expanse-8b,gpu,one-shot,2401,DATE,37,268,306,0.12131147540983607,0.10787172011661808,0.11419753086419752
completed,llm_http,aya-expanse-8b,gpu,one-shot,2401,EVENT,7,429,88,0.016055045871559634,0.07368421052631578,0.026365348399246705
completed,llm_http,aya-expanse-8b,gpu,one-shot,2401,FAC,0,1,46,0.0,0.0,0.0
completed,llm_http,aya-expanse-8b,gpu,one-shot,2401,GPE,9,252,557,0.034482758620689655,0.015901060070671377,0.021765417170495762
completed,llm_http,aya-expanse-8b,gpu,one-shot,2401,LANGUAGE,0,25,29,0.0,0.0,0.0
completed,llm_http,aya-expanse-8b,gpu,one-shot,2401,LAW,0,4,6,0.0,0.0,0.0
completed,llm_http,aya-expanse-8b,gpu,one-shot,2401,LOC,1,219,49,0.004545454545454545,0.02,0.007407407407407408
completed,llm_http,aya-expanse-8b,gpu,one-shot,2401,MONEY,1,9,4,0.1,0.2,0.13333333333333333
completed,llm_http,aya-expanse-8b,gpu,one-shot,2401,NORP,3,207,209,0.014285714285714285,0.014150943396226415,0.014218009478672985
completed,llm_http,aya-expanse-8b,gpu,one-shot,2401,ORDINAL,0,24,104,0.0,0.0,0.0
completed,llm_http,aya-expanse-8b,gpu,one-shot,2401,ORG,7,193,243,0.035,0.028,0.031111111111111117
completed,llm_http,aya-expanse-8b,gpu,one-shot,2401,PERCENT,0,13,4,0.0,0.0,0.0
completed,llm_http,aya-expanse-8b,gpu,one-shot,2401,PERSON,23,541,631,0.040780141843971635,0.035168195718654434,0.03776683087027915
completed,llm_http,aya-expanse-8b,gpu,one-shot,2401,PRODUCT,1,155,60,0.00641025641025641,0.01639344262295082,0.00921658986175115
completed,llm_http,aya-expanse-8b,gpu,one-shot,2401,QUANTITY,3,194,33,0.015228426395939087,0.08333333333333333,0.025751072961373387
completed,llm_http,aya-expanse-8b,gpu,one-shot,2401,TIME,0,84,4,0.0,0.0,0.0
completed,llm_http,aya-expanse-8b,gpu,one-shot,2401,TITLE,2,113,151,0.017391304347826087,0.013071895424836602,0.01492537313432836
completed,llm_http,aya-expanse-8b,gpu,one-shot,2401,WORK_OF_ART,2,365,156,0.005449591280653951,0.012658227848101266,0.00761904761904762
completed,llm_http,aya-expanse-8b,gpu,one-shot,42,CARDINAL,2,10,238,0.16666666666666666,0.008333333333333333,0.015873015873015872
completed,llm_http,aya-expanse-8b,gpu,one-shot,42,DATE,21,259,322,0.075,0.061224489795918366,0.06741573033707865
completed,llm_http,aya-expanse-8b,gpu,one-shot,42,EVENT,2,245,93,0.008097165991902834,0.021052631578947368,0.011695906432748539
completed,llm_http,aya-expanse-8b,gpu,one-shot,42,FAC,0,8,46,0.0,0.0,0.0
completed,llm_http,aya-expanse-8b,gpu,one-shot,42,GPE,30,339,536,0.08130081300813008,0.053003533568904596,0.06417112299465241
completed,llm_http,aya-expanse-8b,gpu,one-shot,42,LANGUAGE,2,14,27,0.125,0.06896551724137931,0.08888888888888889
completed,llm_http,aya-expanse-8b,gpu,one-shot,42,LAW,0,2,6,0.0,0.0,0.0
completed,llm_http,aya-expanse-8b,gpu,one-shot,42,LOC,1,222,49,0.004484304932735426,0.02,0.007326007326007326
completed,llm_http,aya-expanse-8b,gpu,one-shot,42,MONEY,0,8,5,0.0,0.0,0.0
completed,llm_http,aya-expanse-8b,gpu,one-shot,42,NORP,15,184,197,0.07537688442211055,0.07075471698113207,0.07299270072992702
completed,llm_http,aya-expanse-8b,gpu,one-shot,42,ORDINAL,2,27,102,0.06896551724137931,0.019230769230769232,0.030075187969924814
completed,llm_http,aya-expanse-8b,gpu,one-shot,42,ORG,9,185,241,0.04639175257731959,0.036,0.040540540540540536
completed,llm_http,aya-expanse-8b,gpu,one-shot,42,PERCENT,0,3,4,0.0,0.0,0.0
completed,llm_http,aya-expanse-8b,gpu,one-shot,42,PERSON,86,529,568,0.13983739837398373,0.13149847094801223,0.1355397951142632
completed,llm_http,aya-expanse-8b,gpu,one-shot,42,PRODUCT,2,92,59,0.02127659574468085,0.03278688524590164,0.025806451612903226
completed,llm_http,aya-expanse-8b,gpu,one-shot,42,QUANTITY,0,185,36,0.0,0.0,0.0
completed,llm_http,aya-expanse-8b,gpu,one-shot,42,TIME,0,55,4,0.0,0.0,0.0
completed,llm_http,aya-expanse-8b,gpu,one-shot,42,TITLE,2,83,151,0.023529411764705882,0.013071895424836602,0.01680672268907563
completed,llm_http,aya-expanse-8b,gpu,one-shot,42,WORK_OF_ART,6,218,152,0.026785714285714284,0.0379746835443038,0.03141361256544503
completed,llm_http,aya-expanse-8b,gpu,three-shot,1771,CARDINAL,0,15,240,0.0,0.0,0.0
completed,llm_http,aya-expanse-8b,gpu,three-shot,1771,DATE,29,296,314,0.08923076923076922,0.08454810495626822,0.08682634730538923
completed,llm_http,aya-expanse-8b,gpu,three-shot,1771,EVENT,10,643,85,0.015313935681470138,0.10526315789473684,0.026737967914438505
completed,llm_http,aya-expanse-8b,gpu,three-shot,1771,FAC,0,3,46,0.0,0.0,0.0
completed,llm_http,aya-expanse-8b,gpu,three-shot,1771,GPE,25,383,541,0.061274509803921566,0.044169611307420496,0.0513347022587269
completed,llm_http,aya-expanse-8b,gpu,three-shot,1771,LANGUAGE,1,41,28,0.023809523809523808,0.034482758620689655,0.028169014084507043
completed,llm_http,aya-expanse-8b,gpu,three-shot,1771,LAW,0,9,6,0.0,0.0,0.0
completed,llm_http,aya-expanse-8b,gpu,three-shot,1771,LOC,7,281,43,0.024305555555555556,0.14,0.04142011834319527
completed,llm_http,aya-expanse-8b,gpu,three-shot,1771,MONEY,0,10,5,0.0,0.0,0.0
completed,llm_http,aya-expanse-8b,gpu,three-shot,1771,NORP,8,239,204,0.032388663967611336,0.03773584905660377,0.034858387799564274
completed,llm_http,aya-expanse-8b,gpu,three-shot,1771,ORDINAL,1,40,103,0.024390243902439025,0.009615384615384616,0.013793103448275864
completed,llm_http,aya-expanse-8b,gpu,three-shot,1771,ORG,32,241,218,0.11721611721611722,0.128,0.12237093690248567
completed,llm_http,aya-expanse-8b,gpu,three-shot,1771,PERCENT,0,9,4,0.0,0.0,0.0
completed,llm_http,aya-expanse-8b,gpu,three-shot,1771,PERSON,145,584,509,0.19890260631001372,0.2217125382262997,0.20968908170643527
completed,llm_http,aya-expanse-8b,gpu,three-shot,1771,PRODUCT,7,181,54,0.03723404255319149,0.11475409836065574,0.05622489959839357
completed,llm_http,aya-expanse-8b,gpu,three-shot,1771,QUANTITY,14,408,22,0.03317535545023697,0.3888888888888889,0.061135371179039305
completed,llm_http,aya-expanse-8b,gpu,three-shot,1771,TIME,0,164,4,0.0,0.0,0.0
completed,llm_http,aya-expanse-8b,gpu,three-shot,1771,TITLE,14,296,139,0.04516129032258064,0.0915032679738562,0.06047516198704104
completed,llm_http,aya-expanse-8b,gpu,three-shot,1771,WORK_OF_ART,17,819,141,0.02033492822966507,0.10759493670886076,0.034205231388329975
completed,llm_http,aya-expanse-8b,gpu,three-shot,2401,CARDINAL,0,16,240,0.0,0.0,0.0
completed,llm_http,aya-expanse-8b,gpu,three-shot,2401,DATE,44,275,299,0.13793103448275862,0.1282798833819242,0.13293051359516617
completed,llm_http,aya-expanse-8b,gpu,three-shot,2401,EVENT,8,757,87,0.01045751633986928,0.08421052631578947,0.018604651162790697
completed,llm_http,aya-expanse-8b,gpu,three-shot,2401,FAC,0,3,46,0.0,0.0,0.0
completed,llm_http,aya-expanse-8b,gpu,three-shot,2401,GPE,12,297,554,0.038834951456310676,0.02120141342756184,0.02742857142857143
completed,llm_http,aya-expanse-8b,gpu,three-shot,2401,LANGUAGE,1,26,28,0.037037037037037035,0.034482758620689655,0.03571428571428571
completed,llm_http,aya-expanse-8b,gpu,three-shot,2401,LAW,0,8,6,0.0,0.0,0.0
completed,llm_http,aya-expanse-8b,gpu,three-shot,2401,LOC,4,284,46,0.013888888888888888,0.08,0.02366863905325444
completed,llm_http,aya-expanse-8b,gpu,three-shot,2401,MONEY,0,12,5,0.0,0.0,0.0
completed,llm_http,aya-expanse-8b,gpu,three-shot,2401,NORP,6,230,206,0.025423728813559324,0.02830188679245283,0.026785714285714288
completed,llm_http,aya-expanse-8b,gpu,three-shot,2401,ORDINAL,1,91,103,0.010869565217391304,0.009615384615384616,0.01020408163265306
completed,llm_http,aya-expanse-8b,gpu,three-shot,2401,ORG,18,264,232,0.06382978723404255,0.072,0.06766917293233081
completed,llm_http,aya-expanse-8b,gpu,three-shot,2401,PERCENT,0,9,4,0.0,0.0,0.0
completed,llm_http,aya-expanse-8b,gpu,three-shot,2401,PERSON,89,502,565,0.1505922165820643,0.13608562691131498,0.1429718875502008
completed,llm_http,aya-expanse-8b,gpu,three-shot,2401,PRODUCT,5,196,56,0.024875621890547265,0.08196721311475409,0.03816793893129771
completed,llm_http,aya-expanse-8b,gpu,three-shot,2401,QUANTITY,8,344,28,0.022727272727272728,0.2222222222222222,0.041237113402061855
completed,llm_http,aya-expanse-8b,gpu,three-shot,2401,TIME,0,122,4,0.0,0.0,0.0
completed,llm_http,aya-expanse-8b,gpu,three-shot,2401,TITLE,11,280,142,0.037800687285223365,0.0718954248366013,0.04954954954954954
completed,llm_http,aya-expanse-8b,gpu,three-shot,2401,WORK_OF_ART,13,658,145,0.019374068554396422,0.08227848101265822,0.031363088057901084
completed,llm_http,aya-expanse-8b,gpu,three-shot,42,CARDINAL,0,7,240,0.0,0.0,0.0
completed,llm_http,aya-expanse-8b,gpu,three-shot,42,DATE,41,301,302,0.11988304093567251,0.119533527696793,0.11970802919708028
completed,llm_http,aya-expanse-8b,gpu,three-shot,42,EVENT,9,418,86,0.02107728337236534,0.09473684210526316,0.034482758620689655
completed,llm_http,aya-expanse-8b,gpu,three-shot,42,FAC,1,10,45,0.09090909090909091,0.021739130434782608,0.03508771929824561
completed,llm_http,aya-expanse-8b,gpu,three-shot,42,GPE,45,383,521,0.10514018691588785,0.07950530035335689,0.09054325955734407
completed,llm_http,aya-expanse-8b,gpu,three-shot,42,LANGUAGE,1,33,28,0.029411764705882353,0.034482758620689655,0.03174603174603175
completed,llm_http,aya-expanse-8b,gpu,three-shot,42,LAW,0,6,6,0.0,0.0,0.0
completed,llm_http,aya-expanse-8b,gpu,three-shot,42,LOC,2,242,48,0.00819672131147541,0.04,0.013605442176870748
completed,llm_http,aya-expanse-8b,gpu,three-shot,42,MONEY,0,13,5,0.0,0.0,0.0
completed,llm_http,aya-expanse-8b,gpu,three-shot,42,NORP,10,249,202,0.03861003861003861,0.04716981132075472,0.042462845010615716
completed,llm_http,aya-expanse-8b,gpu,three-shot,42,ORDINAL,1,51,103,0.019230769230769232,0.009615384615384616,0.012820512820512822
completed,llm_http,aya-expanse-8b,gpu,three-shot,42,ORG,29,219,221,0.11693548387096774,0.116,0.11646586345381525
completed,llm_http,aya-expanse-8b,gpu,three-shot,42,PERCENT,0,6,4,0.0,0.0,0.0
completed,llm_http,aya-expanse-8b,gpu,three-shot,42,PERSON,167,510,487,0.2466765140324963,0.25535168195718655,0.25093914350112695
completed,llm_http,aya-expanse-8b,gpu,three-shot,42,PRODUCT,6,144,55,0.04,0.09836065573770492,0.05687203791469194
completed,llm_http,aya-expanse-8b,gpu,three-shot,42,QUANTITY,6,322,30,0.018292682926829267,0.16666666666666666,0.03296703296703297
completed,llm_http,aya-expanse-8b,gpu,three-shot,42,TIME,0,98,4,0.0,0.0,0.0
completed,llm_http,aya-expanse-8b,gpu,three-shot,42,TITLE,7,135,146,0.04929577464788732,0.0457516339869281,0.04745762711864406
completed,llm_http,aya-expanse-8b,gpu,three-shot,42,WORK_OF_ART,14,583,144,0.023450586264656615,0.08860759493670886,0.037086092715231785
completed,llm_http,aya-expanse-8b,gpu,zero-shot,fixed,CARDINAL,0,27,240,0.0,0.0,0.0
completed,llm_http,aya-expanse-8b,gpu,zero-shot,fixed,DATE,4,245,339,0.01606425702811245,0.011661807580174927,0.013513513513513513
completed,llm_http,aya-expanse-8b,gpu,zero-shot,fixed,EVENT,2,174,93,0.011363636363636364,0.021052631578947368,0.014760147601476016
completed,llm_http,aya-expanse-8b,gpu,zero-shot,fixed,FAC,0,8,46,0.0,0.0,0.0
completed,llm_http,aya-expanse-8b,gpu,zero-shot,fixed,GPE,1,401,565,0.0024875621890547263,0.0017667844522968198,0.002066115702479339
completed,llm_http,aya-expanse-8b,gpu,zero-shot,fixed,LANGUAGE,0,10,29,0.0,0.0,0.0
completed,llm_http,aya-expanse-8b,gpu,zero-shot,fixed,LAW,0,1,6,0.0,0.0,0.0
completed,llm_http,aya-expanse-8b,gpu,zero-shot,fixed,LOC,0,198,50,0.0,0.0,0.0
completed,llm_http,aya-expanse-8b,gpu,zero-shot,fixed,MONEY,1,12,4,0.07692307692307693,0.2,0.1111111111111111
completed,llm_http,aya-expanse-8b,gpu,zero-shot,fixed,NORP,0,187,212,0.0,0.0,0.0
completed,llm_http,aya-expanse-8b,gpu,zero-shot,fixed,ORDINAL,0,43,104,0.0,0.0,0.0
completed,llm_http,aya-expanse-8b,gpu,zero-shot,fixed,ORG,1,184,249,0.005405405405405406,0.004,0.004597701149425287
completed,llm_http,aya-expanse-8b,gpu,zero-shot,fixed,PERCENT,0,3,4,0.0,0.0,0.0
completed,llm_http,aya-expanse-8b,gpu,zero-shot,fixed,PERSON,9,610,645,0.014539579967689823,0.013761467889908258,0.014139827179890024
completed,llm_http,aya-expanse-8b,gpu,zero-shot,fixed,PRODUCT,0,111,61,0.0,0.0,0.0
completed,llm_http,aya-expanse-8b,gpu,zero-shot,fixed,QUANTITY,1,110,35,0.009009009009009009,0.027777777777777776,0.01360544217687075
completed,llm_http,aya-expanse-8b,gpu,zero-shot,fixed,TIME,0,46,4,0.0,0.0,0.0
completed,llm_http,aya-expanse-8b,gpu,zero-shot,fixed,TITLE,1,75,152,0.013157894736842105,0.006535947712418301,0.008733624454148471
completed,llm_http,aya-expanse-8b,gpu,zero-shot,fixed,WORK_OF_ART,0,230,158,0.0,0.0,0.0
completed,llm_http,gemma-3-12b-it,gpu,one-shot,1771,CARDINAL,59,151,181,0.28095238095238095,0.24583333333333332,0.26222222222222225
completed,llm_http,gemma-3-12b-it,gpu,one-shot,1771,DATE,28,381,315,0.06845965770171149,0.08163265306122448,0.07446808510638298
completed,llm_http,gemma-3-12b-it,gpu,one-shot,1771,EVENT,4,83,91,0.04597701149425287,0.042105263157894736,0.04395604395604396
completed,llm_http,gemma-3-12b-it,gpu,one-shot,1771,FAC,1,11,45,0.08333333333333333,0.021739130434782608,0.034482758620689655
completed,llm_http,gemma-3-12b-it,gpu,one-shot,1771,GPE,140,613,426,0.18592297476759628,0.24734982332155478,0.21228203184230476
completed,llm_http,gemma-3-12b-it,gpu,one-shot,1771,LANGUAGE,10,15,19,0.4,0.3448275862068966,0.3703703703703704
completed,llm_http,gemma-3-12b-it,gpu,one-shot,1771,LAW,0,4,6,0.0,0.0,0.0
completed,llm_http,gemma-3-12b-it,gpu,one-shot,1771,LOC,3,52,47,0.05454545454545454,0.06,0.05714285714285715
completed,llm_http,gemma-3-12b-it,gpu,one-shot,1771,MONEY,0,5,5,0.0,0.0,0.0
completed,llm_http,gemma-3-12b-it,gpu,one-shot,1771,NORP,19,33,193,0.36538461538461536,0.08962264150943396,0.14393939393939395
completed,llm_http,gemma-3-12b-it,gpu,one-shot,1771,ORDINAL,24,46,80,0.34285714285714286,0.23076923076923078,0.2758620689655173
completed,llm_http,gemma-3-12b-it,gpu,one-shot,1771,ORG,44,300,206,0.12790697674418605,0.176,0.14814814814814814
completed,llm_http,gemma-3-12b-it,gpu,one-shot,1771,PERCENT,0,4,4,0.0,0.0,0.0
completed,llm_http,gemma-3-12b-it,gpu,one-shot,1771,PERSON,314,316,340,0.4984126984126984,0.4801223241590214,0.4890965732087228
completed,llm_http,gemma-3-12b-it,gpu,one-shot,1771,PRODUCT,11,46,50,0.19298245614035087,0.18032786885245902,0.18644067796610167
completed,llm_http,gemma-3-12b-it,gpu,one-shot,1771,QUANTITY,5,14,31,0.2631578947368421,0.1388888888888889,0.18181818181818182
completed,llm_http,gemma-3-12b-it,gpu,one-shot,1771,TIME,0,18,4,0.0,0.0,0.0
completed,llm_http,gemma-3-12b-it,gpu,one-shot,1771,TITLE,6,64,147,0.08571428571428572,0.0392156862745098,0.053811659192825115
completed,llm_http,gemma-3-12b-it,gpu,one-shot,1771,WORK_OF_ART,33,87,125,0.275,0.2088607594936709,0.23741007194244607
completed,llm_http,gemma-3-12b-it,gpu,one-shot,2401,CARDINAL,30,150,210,0.16666666666666666,0.125,0.14285714285714288
completed,llm_http,gemma-3-12b-it,gpu,one-shot,2401,DATE,64,345,279,0.15647921760391198,0.18658892128279883,0.1702127659574468
completed,llm_http,gemma-3-12b-it,gpu,one-shot,2401,EVENT,11,75,84,0.12790697674418605,0.11578947368421053,0.12154696132596685
completed,llm_http,gemma-3-12b-it,gpu,one-shot,2401,FAC,4,9,42,0.3076923076923077,0.08695652173913043,0.13559322033898305
completed,llm_http,gemma-3-12b-it,gpu,one-shot,2401,GPE,126,545,440,0.18777943368107303,0.2226148409893993,0.20371867421180276
completed,llm_http,gemma-3-12b-it,gpu,one-shot,2401,LANGUAGE,7,23,22,0.23333333333333334,0.2413793103448276,0.23728813559322037
completed,llm_http,gemma-3-12b-it,gpu,one-shot,2401,LAW,1,6,5,0.14285714285714285,0.16666666666666666,0.15384615384615383
completed,llm_http,gemma-3-12b-it,gpu,one-shot,2401,LOC,4,64,46,0.058823529411764705,0.08,0.06779661016949153
completed,llm_http,gemma-3-12b-it,gpu,one-shot,2401,MONEY,0,4,5,0.0,0.0,0.0
completed,llm_http,gemma-3-12b-it,gpu,one-shot,2401,NORP,31,58,181,0.34831460674157305,0.14622641509433962,0.20598006644518274
completed,llm_http,gemma-3-12b-it,gpu,one-shot,2401,ORDINAL,8,41,96,0.16326530612244897,0.07692307692307693,0.1045751633986928
completed,llm_http,gemma-3-12b-it,gpu,one-shot,2401,ORG,56,276,194,0.1686746987951807,0.224,0.19243986254295534
completed,llm_http,gemma-3-12b-it,gpu,one-shot,2401,PERCENT,0,5,4,0.0,0.0,0.0
completed,llm_http,gemma-3-12b-it,gpu,one-shot,2401,PERSON,306,329,348,0.4818897637795276,0.46788990825688076,0.4747866563227308
completed,llm_http,gemma-3-12b-it,gpu,one-shot,2401,PRODUCT,7,29,54,0.19444444444444445,0.11475409836065574,0.14432989690721648
completed,llm_http,gemma-3-12b-it,gpu,one-shot,2401,QUANTITY,7,19,29,0.2692307692307692,0.19444444444444445,0.22580645161290322
completed,llm_http,gemma-3-12b-it,gpu,one-shot,2401,TIME,0,20,4,0.0,0.0,0.0
completed,llm_http,gemma-3-12b-it,gpu,one-shot,2401,TITLE,6,52,147,0.10344827586206896,0.0392156862745098,0.05687203791469194
completed,llm_http,gemma-3-12b-it,gpu,one-shot,2401,WORK_OF_ART,34,89,124,0.2764227642276423,0.21518987341772153,0.24199288256227758
completed,llm_http,gemma-3-12b-it,gpu,one-shot,42,CARDINAL,59,141,181,0.295,0.24583333333333332,0.2681818181818182
completed,llm_http,gemma-3-12b-it,gpu,one-shot,42,DATE,44,373,299,0.10551558752997602,0.1282798833819242,0.11578947368421051
completed,llm_http,gemma-3-12b-it,gpu,one-shot,42,EVENT,0,60,95,0.0,0.0,0.0
completed,llm_http,gemma-3-12b-it,gpu,one-shot,42,FAC,0,29,46,0.0,0.0,0.0
completed,llm_http,gemma-3-12b-it,gpu,one-shot,42,GPE,240,592,326,0.28846153846153844,0.42402826855123676,0.34334763948497854
completed,llm_http,gemma-3-12b-it,gpu,one-shot,42,LANGUAGE,8,6,21,0.5714285714285714,0.27586206896551724,0.37209302325581395
completed,llm_http,gemma-3-12b-it,gpu,one-shot,42,LAW,0,6,6,0.0,0.0,0.0
completed,llm_http,gemma-3-12b-it,gpu,one-shot,42,LOC,2,40,48,0.047619047619047616,0.04,0.043478260869565216
completed,llm_http,gemma-3-12b-it,gpu,one-shot,42,MONEY,0,3,5,0.0,0.0,0.0
completed,llm_http,gemma-3-12b-it,gpu,one-shot,42,NORP,18,22,194,0.45,0.08490566037735849,0.14285714285714285
completed,llm_http,gemma-3-12b-it,gpu,one-shot,42,ORDINAL,15,45,89,0.25,0.14423076923076922,0.18292682926829268
completed,llm_http,gemma-3-12b-it,gpu,one-shot,42,ORG,32,268,218,0.10666666666666667,0.128,0.11636363636363636
completed,llm_http,gemma-3-12b-it,gpu,one-shot,42,PERCENT,1,4,3,0.2,0.25,0.22222222222222224
completed,llm_http,gemma-3-12b-it,gpu,one-shot,42,PERSON,231,652,423,0.26160815402038506,0.3532110091743119,0.30058555627846456
completed,llm_http,gemma-3-12b-it,gpu,one-shot,42,PRODUCT,8,30,53,0.21052631578947367,0.13114754098360656,0.1616161616161616
completed,llm_http,gemma-3-12b-it,gpu,one-shot,42,QUANTITY,3,8,33,0.2727272727272727,0.08333333333333333,0.1276595744680851
completed,llm_http,gemma-3-12b-it,gpu,one-shot,42,TIME,0,13,4,0.0,0.0,0.0
completed,llm_http,gemma-3-12b-it,gpu,one-shot,42,TITLE,8,73,145,0.09876543209876543,0.05228758169934641,0.06837606837606837
completed,llm_http,gemma-3-12b-it,gpu,one-shot,42,WORK_OF_ART,13,76,145,0.14606741573033707,0.08227848101265822,0.10526315789473684
completed,llm_http,gemma-3-12b-it,gpu,three-shot,1771,CARDINAL,66,117,174,0.36065573770491804,0.275,0.3120567375886525
completed,llm_http,gemma-3-12b-it,gpu,three-shot,1771,DATE,70,343,273,0.1694915254237288,0.20408163265306123,0.18518518518518517
completed,llm_http,gemma-3-12b-it,gpu,three-shot,1771,EVENT,4,88,91,0.043478260869565216,0.042105263157894736,0.04278074866310161
completed,llm_http,gemma-3-12b-it,gpu,three-shot,1771,FAC,4,15,42,0.21052631578947367,0.08695652173913043,0.12307692307692308
completed,llm_http,gemma-3-12b-it,gpu,three-shot,1771,GPE,240,463,326,0.3413940256045519,0.42402826855123676,0.37825059101654845
completed,llm_http,gemma-3-12b-it,gpu,three-shot,1771,LANGUAGE,12,10,17,0.5454545454545454,0.41379310344827586,0.47058823529411764
completed,llm_http,gemma-3-12b-it,gpu,three-shot,1771,LAW,1,7,5,0.125,0.16666666666666666,0.14285714285714288
completed,llm_http,gemma-3-12b-it,gpu,three-shot,1771,LOC,9,29,41,0.23684210526315788,0.18,0.20454545454545453
completed,llm_http,gemma-3-12b-it,gpu,three-shot,1771,MONEY,0,5,5,0.0,0.0,0.0
completed,llm_http,gemma-3-12b-it,gpu,three-shot,1771,NORP,76,60,136,0.5588235294117647,0.3584905660377358,0.43678160919540227
completed,llm_http,gemma-3-12b-it,gpu,three-shot,1771,ORDINAL,18,32,86,0.36,0.17307692307692307,0.2337662337662338
completed,llm_http,gemma-3-12b-it,gpu,three-shot,1771,ORG,65,232,185,0.21885521885521886,0.26,0.23765996343692872
completed,llm_http,gemma-3-12b-it,gpu,three-shot,1771,PERCENT,2,3,2,0.4,0.5,0.4444444444444445
completed,llm_http,gemma-3-12b-it,gpu,three-shot,1771,PERSON,373,303,281,0.5517751479289941,0.5703363914373089,0.5609022556390977
completed,llm_http,gemma-3-12b-it,gpu,three-shot,1771,PRODUCT,14,56,47,0.2,0.22950819672131148,0.2137404580152672
completed,llm_http,gemma-3-12b-it,gpu,three-shot,1771,QUANTITY,7,8,29,0.4666666666666667,0.19444444444444445,0.27450980392156865
completed,llm_http,gemma-3-12b-it,gpu,three-shot,1771,TIME,0,9,4,0.0,0.0,0.0
completed,llm_http,gemma-3-12b-it,gpu,three-shot,1771,TITLE,21,83,132,0.20192307692307693,0.13725490196078433,0.16342412451361868
completed,llm_http,gemma-3-12b-it,gpu,three-shot,1771,WORK_OF_ART,45,80,113,0.36,0.2848101265822785,0.31802120141342755
completed,llm_http,gemma-3-12b-it,gpu,three-shot,2401,CARDINAL,95,126,145,0.4298642533936652,0.3958333333333333,0.41214750542299355
completed,llm_http,gemma-3-12b-it,gpu,three-shot,2401,DATE,107,301,236,0.2622549019607843,0.3119533527696793,0.28495339547270304
completed,llm_http,gemma-3-12b-it,gpu,three-shot,2401,EVENT,4,84,91,0.045454545454545456,0.042105263157894736,0.04371584699453552
completed,llm_http,gemma-3-12b-it,gpu,three-shot,2401,FAC,3,17,43,0.15,0.06521739130434782,0.09090909090909091
completed,llm_http,gemma-3-12b-it,gpu,three-shot,2401,GPE,358,392,208,0.47733333333333333,0.6325088339222615,0.5440729483282675
completed,llm_http,gemma-3-12b-it,gpu,three-shot,2401,LANGUAGE,16,14,13,0.5333333333333333,0.5517241379310345,0.5423728813559322
completed,llm_http,gemma-3-12b-it,gpu,three-shot,2401,LAW,1,12,5,0.07692307692307693,0.16666666666666666,0.10526315789473684
completed,llm_http,gemma-3-12b-it,gpu,three-shot,2401,LOC,9,65,41,0.12162162162162163,0.18,0.14516129032258066
completed,llm_http,gemma-3-12b-it,gpu,three-shot,2401,MONEY,0,4,5,0.0,0.0,0.0
completed,llm_http,gemma-3-12b-it,gpu,three-shot,2401,NORP,96,68,116,0.5853658536585366,0.4528301886792453,0.5106382978723404
completed,llm_http,gemma-3-12b-it,gpu,three-shot,2401,ORDINAL,44,51,60,0.4631578947368421,0.4230769230769231,0.44221105527638194
completed,llm_http,gemma-3-12b-it,gpu,three-shot,2401,ORG,88,286,162,0.23529411764705882,0.352,0.28205128205128205
completed,llm_http,gemma-3-12b-it,gpu,three-shot,2401,PERCENT,2,3,2,0.4,0.5,0.4444444444444445
completed,llm_http,gemma-3-12b-it,gpu,three-shot,2401,PERSON,371,259,283,0.5888888888888889,0.5672782874617737,0.5778816199376948
completed,llm_http,gemma-3-12b-it,gpu,three-shot,2401,PRODUCT,14,63,47,0.18181818181818182,0.22950819672131148,0.2028985507246377
completed,llm_http,gemma-3-12b-it,gpu,three-shot,2401,QUANTITY,7,20,29,0.25925925925925924,0.19444444444444445,0.2222222222222222
completed,llm_http,gemma-3-12b-it,gpu,three-shot,2401,TIME,2,22,2,0.08333333333333333,0.5,0.14285714285714285
completed,llm_http,gemma-3-12b-it,gpu,three-shot,2401,TITLE,36,109,117,0.2482758620689655,0.23529411764705882,0.24161073825503357
completed,llm_http,gemma-3-12b-it,gpu,three-shot,2401,WORK_OF_ART,46,133,112,0.2569832402234637,0.2911392405063291,0.2729970326409495
completed,llm_http,gemma-3-12b-it,gpu,three-shot,42,CARDINAL,72,110,168,0.3956043956043956,0.3,0.3412322274881517
completed,llm_http,gemma-3-12b-it,gpu,three-shot,42,DATE,99,330,244,0.23076923076923078,0.2886297376093295,0.25647668393782386
completed,llm_http,gemma-3-12b-it,gpu,three-shot,42,EVENT,2,44,93,0.043478260869565216,0.021052631578947368,0.028368794326241134
completed,llm_http,gemma-3-12b-it,gpu,three-shot,42,FAC,1,22,45,0.043478260869565216,0.021739130434782608,0.02898550724637681
completed,llm_http,gemma-3-12b-it,gpu,three-shot,42,GPE,362,371,204,0.49386084583901774,0.6395759717314488,0.5573518090839107
completed,llm_http,gemma-3-12b-it,gpu,three-shot,42,LANGUAGE,6,9,23,0.4,0.20689655172413793,0.2727272727272727
completed,llm_http,gemma-3-12b-it,gpu,three-shot,42,LAW,1,4,5,0.2,0.16666666666666666,0.1818181818181818
completed,llm_http,gemma-3-12b-it,gpu,three-shot,42,LOC,3,27,47,0.1,0.06,0.075
completed,llm_http,gemma-3-12b-it,gpu,three-shot,42,MONEY,0,4,5,0.0,0.0,0.0
completed,llm_http,gemma-3-12b-it,gpu,three-shot,42,NORP,30,21,182,0.5882352941176471,0.14150943396226415,0.22813688212927757
completed,llm_http,gemma-3-12b-it,gpu,three-shot,42,ORDINAL,13,32,91,0.28888888888888886,0.125,0.174496644295302
completed,llm_http,gemma-3-12b-it,gpu,three-shot,42,ORG,59,212,191,0.2177121771217712,0.236,0.22648752399232244
completed,llm_http,gemma-3-12b-it,gpu,three-shot,42,PERCENT,2,3,2,0.4,0.5,0.4444444444444445
completed,llm_http,gemma-3-12b-it,gpu,three-shot,42,PERSON,360,313,294,0.5349182763744428,0.5504587155963303,0.5425772418990202
completed,llm_http,gemma-3-12b-it,gpu,three-shot,42,PRODUCT,11,23,50,0.3235294117647059,0.18032786885245902,0.23157894736842105
completed,llm_http,gemma-3-12b-it,gpu,three-shot,42,QUANTITY,4,8,32,0.3333333333333333,0.1111111111111111,0.16666666666666666
completed,llm_http,gemma-3-12b-it,gpu,three-shot,42,TIME,0,14,4,0.0,0.0,0.0
completed,llm_http,gemma-3-12b-it,gpu,three-shot,42,TITLE,9,38,144,0.19148936170212766,0.058823529411764705,0.08999999999999998
completed,llm_http,gemma-3-12b-it,gpu,three-shot,42,WORK_OF_ART,36,105,122,0.2553191489361702,0.22784810126582278,0.24080267558528426
completed,llm_http,gemma-3-12b-it,gpu,zero-shot,fixed,CARDINAL,3,140,237,0.02097902097902098,0.0125,0.015665796344647518
completed,llm_http,gemma-3-12b-it,gpu,zero-shot,fixed,DATE,5,303,338,0.016233766233766232,0.014577259475218658,0.015360983102918585
completed,llm_http,gemma-3-12b-it,gpu,zero-shot,fixed,EVENT,3,74,92,0.03896103896103896,0.031578947368421054,0.034883720930232565
completed,llm_http,gemma-3-12b-it,gpu,zero-shot,fixed,FAC,1,17,45,0.05555555555555555,0.021739130434782608,0.03125
completed,llm_http,gemma-3-12b-it,gpu,zero-shot,fixed,GPE,10,438,556,0.022321428571428572,0.0176678445229682,0.01972386587771203
completed,llm_http,gemma-3-12b-it,gpu,zero-shot,fixed,LANGUAGE,0,9,29,0.0,0.0,0.0
completed,llm_http,gemma-3-12b-it,gpu,zero-shot,fixed,LAW,0,4,6,0.0,0.0,0.0
completed,llm_http,gemma-3-12b-it,gpu,zero-shot,fixed,LOC,3,19,47,0.13636363636363635,0.06,0.08333333333333333
completed,llm_http,gemma-3-12b-it,gpu,zero-shot,fixed,MONEY,0,3,5,0.0,0.0,0.0
completed,llm_http,gemma-3-12b-it,gpu,zero-shot,fixed,NORP,0,35,212,0.0,0.0,0.0
completed,llm_http,gemma-3-12b-it,gpu,zero-shot,fixed,ORDINAL,0,38,104,0.0,0.0,0.0
completed,llm_http,gemma-3-12b-it,gpu,zero-shot,fixed,ORG,11,216,239,0.048458149779735685,0.044,0.04612159329140462
completed,llm_http,gemma-3-12b-it,gpu,zero-shot,fixed,PERCENT,0,4,4,0.0,0.0,0.0
completed,llm_http,gemma-3-12b-it,gpu,zero-shot,fixed,PERSON,116,521,538,0.18210361067503925,0.17737003058103976,0.17970565453137102
completed,llm_http,gemma-3-12b-it,gpu,zero-shot,fixed,PRODUCT,1,17,60,0.05555555555555555,0.01639344262295082,0.02531645569620253
completed,llm_http,gemma-3-12b-it,gpu,zero-shot,fixed,QUANTITY,1,8,35,0.1111111111111111,0.027777777777777776,0.04444444444444444
completed,llm_http,gemma-3-12b-it,gpu,zero-shot,fixed,TIME,0,10,4,0.0,0.0,0.0
completed,llm_http,gemma-3-12b-it,gpu,zero-shot,fixed,TITLE,0,48,153,0.0,0.0,0.0
completed,llm_http,gemma-3-12b-it,gpu,zero-shot,fixed,WORK_OF_ART,11,73,147,0.13095238095238096,0.06962025316455696,0.0909090909090909
completed,llm_http,gemma-3-4b-it,gpu,one-shot,1771,CARDINAL,51,101,189,0.3355263157894737,0.2125,0.260204081632653
completed,llm_http,gemma-3-4b-it,gpu,one-shot,1771,DATE,58,407,285,0.12473118279569892,0.16909620991253643,0.14356435643564358
completed,llm_http,gemma-3-4b-it,gpu,one-shot,1771,EVENT,0,198,95,0.0,0.0,0.0
completed,llm_http,gemma-3-4b-it,gpu,one-shot,1771,FAC,1,72,45,0.0136986301369863,0.021739130434782608,0.01680672268907563
completed,llm_http,gemma-3-4b-it,gpu,one-shot,1771,GPE,181,442,385,0.29052969502407705,0.3197879858657244,0.30445752733389403
completed,llm_http,gemma-3-4b-it,gpu,one-shot,1771,LANGUAGE,9,45,20,0.16666666666666666,0.3103448275862069,0.21686746987951805
completed,llm_http,gemma-3-4b-it,gpu,one-shot,1771,LAW,0,98,6,0.0,0.0,0.0
completed,llm_http,gemma-3-4b-it,gpu,one-shot,1771,LOC,3,554,47,0.005385996409335727,0.06,0.009884678747940693
completed,llm_http,gemma-3-4b-it,gpu,one-shot,1771,MONEY,0,20,5,0.0,0.0,0.0
completed,llm_http,gemma-3-4b-it,gpu,one-shot,1771,NORP,44,150,168,0.2268041237113402,0.20754716981132076,0.21674876847290642
completed,llm_http,gemma-3-4b-it,gpu,one-shot,1771,ORDINAL,37,350,67,0.09560723514211886,0.3557692307692308,0.15071283095723015
completed,llm_http,gemma-3-4b-it,gpu,one-shot,1771,ORG,21,562,229,0.036020583190394515,0.084,0.05042016806722689
completed,llm_http,gemma-3-4b-it,gpu,one-shot,1771,PERCENT,0,10,4,0.0,0.0,0.0
completed,llm_http,gemma-3-4b-it,gpu,one-shot,1771,PERSON,153,683,501,0.18301435406698566,0.23394495412844038,0.20536912751677855
completed,llm_http,gemma-3-4b-it,gpu,one-shot,1771,PRODUCT,5,247,56,0.01984126984126984,0.08196721311475409,0.03194888178913738
completed,llm_http,gemma-3-4b-it,gpu,one-shot,1771,QUANTITY,0,76,36,0.0,0.0,0.0
completed,llm_http,gemma-3-4b-it,gpu,one-shot,1771,TIME,2,173,2,0.011428571428571429,0.5,0.022346368715083796
completed,llm_http,gemma-3-4b-it,gpu,one-shot,1771,TITLE,15,160,138,0.08571428571428572,0.09803921568627451,0.09146341463414633
completed,llm_http,gemma-3-4b-it,gpu,one-shot,1771,WORK_OF_ART,7,87,151,0.07446808510638298,0.04430379746835443,0.05555555555555555
completed,llm_http,gemma-3-4b-it,gpu,one-shot,2401,CARDINAL,37,84,203,0.30578512396694213,0.15416666666666667,0.20498614958448755
completed,llm_http,gemma-3-4b-it,gpu,one-shot,2401,DATE,45,350,298,0.11392405063291139,0.13119533527696792,0.12195121951219512
completed,llm_http,gemma-3-4b-it,gpu,one-shot,2401,EVENT,6,53,89,0.1016949152542373,0.06315789473684211,0.07792207792207793
completed,llm_http,gemma-3-4b-it,gpu,one-shot,2401,FAC,0,11,46,0.0,0.0,0.0
completed,llm_http,gemma-3-4b-it,gpu,one-shot,2401,GPE,51,333,515,0.1328125,0.09010600706713781,0.10736842105263159
completed,llm_http,gemma-3-4b-it,gpu,one-shot,2401,LANGUAGE,9,27,20,0.25,0.3103448275862069,0.27692307692307694
completed,llm_http,gemma-3-4b-it,gpu,one-shot,2401,LAW,0,17,6,0.0,0.0,0.0
completed,llm_http,gemma-3-4b-it,gpu,one-shot,2401,LOC,5,261,45,0.018796992481203006,0.1,0.03164556962025316
completed,llm_http,gemma-3-4b-it,gpu,one-shot,2401,MONEY,0,10,5,0.0,0.0,0.0
completed,llm_http,gemma-3-4b-it,gpu,one-shot,2401,NORP,27,87,185,0.23684210526315788,0.12735849056603774,0.1656441717791411
completed,llm_http,gemma-3-4b-it,gpu,one-shot,2401,ORDINAL,12,141,92,0.0784313725490196,0.11538461538461539,0.0933852140077821
completed,llm_http,gemma-3-4b-it,gpu,one-shot,2401,ORG,30,306,220,0.08928571428571429,0.12,0.10238907849829351
completed,llm_http,gemma-3-4b-it,gpu,one-shot,2401,PERCENT,0,7,4,0.0,0.0,0.0
completed,llm_http,gemma-3-4b-it,gpu,one-shot,2401,PERSON,126,386,528,0.24609375,0.1926605504587156,0.2161234991423671
completed,llm_http,gemma-3-4b-it,gpu,one-shot,2401,PRODUCT,4,100,57,0.038461538461538464,0.06557377049180328,0.04848484848484849
completed,llm_http,gemma-3-4b-it,gpu,one-shot,2401,QUANTITY,3,60,33,0.047619047619047616,0.08333333333333333,0.060606060606060615
completed,llm_http,gemma-3-4b-it,gpu,one-shot,2401,TIME,2,25,2,0.07407407407407407,0.5,0.12903225806451613
completed,llm_http,gemma-3-4b-it,gpu,one-shot,2401,TITLE,5,50,148,0.09090909090909091,0.032679738562091505,0.04807692307692309
completed,llm_http,gemma-3-4b-it,gpu,one-shot,2401,WORK_OF_ART,3,48,155,0.058823529411764705,0.0189873417721519,0.028708133971291863
completed,llm_http,gemma-3-4b-it,gpu,one-shot,42,CARDINAL,35,64,205,0.35353535353535354,0.14583333333333334,0.2064896755162242
completed,llm_http,gemma-3-4b-it,gpu,one-shot,42,DATE,77,336,266,0.1864406779661017,0.22448979591836735,0.2037037037037037
completed,llm_http,gemma-3-4b-it,gpu,one-shot,42,EVENT,0,37,95,0.0,0.0,0.0
completed,llm_http,gemma-3-4b-it,gpu,one-shot,42,FAC,0,41,46,0.0,0.0,0.0
completed,llm_http,gemma-3-4b-it,gpu,one-shot,42,GPE,161,365,405,0.3060836501901141,0.284452296819788,0.2948717948717949
completed,llm_http,gemma-3-4b-it,gpu,one-shot,42,LANGUAGE,5,16,24,0.23809523809523808,0.1724137931034483,0.19999999999999998
completed,llm_http,gemma-3-4b-it,gpu,one-shot,42,LAW,0,27,6,0.0,0.0,0.0
completed,llm_http,gemma-3-4b-it,gpu,one-shot,42,LOC,3,249,47,0.011904761904761904,0.06,0.01986754966887417
completed,llm_http,gemma-3-4b-it,gpu,one-shot,42,MONEY,0,19,5,0.0,0.0,0.0
completed,llm_http,gemma-3-4b-it,gpu,one-shot,42,NORP,51,50,161,0.504950495049505,0.24056603773584906,0.3258785942492013
completed,llm_http,gemma-3-4b-it,gpu,one-shot,42,ORDINAL,23,78,81,0.22772277227722773,0.22115384615384615,0.22439024390243903
completed,llm_http,gemma-3-4b-it,gpu,one-shot,42,ORG,21,250,229,0.07749077490774908,0.084,0.08061420345489444
completed,llm_http,gemma-3-4b-it,gpu,one-shot,42,PERCENT,0,8,4,0.0,0.0,0.0
completed,llm_http,gemma-3-4b-it,gpu,one-shot,42,PERSON,120,612,534,0.16393442622950818,0.1834862385321101,0.17316017316017315
completed,llm_http,gemma-3-4b-it,gpu,one-shot,42,PRODUCT,5,67,56,0.06944444444444445,0.08196721311475409,0.07518796992481203
completed,llm_http,gemma-3-4b-it,gpu,one-shot,42,QUANTITY,0,44,36,0.0,0.0,0.0
completed,llm_http,gemma-3-4b-it,gpu,one-shot,42,TIME,1,39,3,0.025,0.25,0.045454545454545456
completed,llm_http,gemma-3-4b-it,gpu,one-shot,42,TITLE,2,37,151,0.05128205128205128,0.013071895424836602,0.020833333333333336
completed,llm_http,gemma-3-4b-it,gpu,one-shot,42,WORK_OF_ART,3,43,155,0.06521739130434782,0.0189873417721519,0.02941176470588235
completed,llm_http,gemma-3-4b-it,gpu,three-shot,1771,CARDINAL,49,187,191,0.2076271186440678,0.20416666666666666,0.20588235294117646
completed,llm_http,gemma-3-4b-it,gpu,three-shot,1771,DATE,60,387,283,0.1342281879194631,0.1749271137026239,0.15189873417721517
completed,llm_http,gemma-3-4b-it,gpu,three-shot,1771,EVENT,4,138,91,0.028169014084507043,0.042105263157894736,0.03375527426160338
completed,llm_http,gemma-3-4b-it,gpu,three-shot,1771,FAC,0,29,46,0.0,0.0,0.0
completed,llm_http,gemma-3-4b-it,gpu,three-shot,1771,GPE,93,395,473,0.19057377049180327,0.16431095406360424,0.17647058823529407
completed,llm_http,gemma-3-4b-it,gpu,three-shot,1771,LANGUAGE,8,33,21,0.1951219512195122,0.27586206896551724,0.2285714285714286
completed,llm_http,gemma-3-4b-it,gpu,three-shot,1771,LAW,0,50,6,0.0,0.0,0.0
completed,llm_http,gemma-3-4b-it,gpu,three-shot,1771,LOC,6,411,44,0.014388489208633094,0.12,0.025695931477516063
completed,llm_http,gemma-3-4b-it,gpu,three-shot,1771,MONEY,0,18,5,0.0,0.0,0.0
completed,llm_http,gemma-3-4b-it,gpu,three-shot,1771,NORP,40,137,172,0.22598870056497175,0.18867924528301888,0.20565552699228795
completed,llm_http,gemma-3-4b-it,gpu,three-shot,1771,ORDINAL,12,168,92,0.06666666666666667,0.11538461538461539,0.08450704225352113
completed,llm_http,gemma-3-4b-it,gpu,three-shot,1771,ORG,37,450,213,0.07597535934291581,0.148,0.10040705563093623
completed,llm_http,gemma-3-4b-it,gpu,three-shot,1771,PERCENT,0,7,4,0.0,0.0,0.0
completed,llm_http,gemma-3-4b-it,gpu,three-shot,1771,PERSON,167,678,487,0.19763313609467456,0.25535168195718655,0.22281521014009342
completed,llm_http,gemma-3-4b-it,gpu,three-shot,1771,PRODUCT,7,320,54,0.021406727828746176,0.11475409836065574,0.03608247422680412
completed,llm_http,gemma-3-4b-it,gpu,three-shot,1771,QUANTITY,3,29,33,0.09375,0.08333333333333333,0.08823529411764706
completed,llm_http,gemma-3-4b-it,gpu,three-shot,1771,TIME,0,56,4,0.0,0.0,0.0
completed,llm_http,gemma-3-4b-it,gpu,three-shot,1771,TITLE,11,145,142,0.07051282051282051,0.0718954248366013,0.07119741100323625
completed,llm_http,gemma-3-4b-it,gpu,three-shot,1771,WORK_OF_ART,12,117,146,0.09302325581395349,0.0759493670886076,0.08362369337979093
completed,llm_http,gemma-3-4b-it,gpu,three-shot,2401,CARDINAL,46,108,194,0.2987012987012987,0.19166666666666668,0.23350253807106602
completed,llm_http,gemma-3-4b-it,gpu,three-shot,2401,DATE,99,339,244,0.22602739726027396,0.2886297376093295,0.25352112676056343
completed,llm_http,gemma-3-4b-it,gpu,three-shot,2401,EVENT,8,169,87,0.04519774011299435,0.08421052631578947,0.0588235294117647
completed,llm_http,gemma-3-4b-it,gpu,three-shot,2401,FAC,0,35,46,0.0,0.0,0.0
completed,llm_http,gemma-3-4b-it,gpu,three-shot,2401,GPE,93,318,473,0.22627737226277372,0.16431095406360424,0.19037871033776868
completed,llm_http,gemma-3-4b-it,gpu,three-shot,2401,LANGUAGE,10,42,19,0.19230769230769232,0.3448275862068966,0.2469135802469136
completed,llm_http,gemma-3-4b-it,gpu,three-shot,2401,LAW,0,49,6,0.0,0.0,0.0
completed,llm_http,gemma-3-4b-it,gpu,three-shot,2401,LOC,9,548,41,0.01615798922800718,0.18,0.029654036243822075
completed,llm_http,gemma-3-4b-it,gpu,three-shot,2401,MONEY,0,14,5,0.0,0.0,0.0
completed,llm_http,gemma-3-4b-it,gpu,three-shot,2401,NORP,48,176,164,0.21428571428571427,0.22641509433962265,0.22018348623853212
completed,llm_http,gemma-3-4b-it,gpu,three-shot,2401,ORDINAL,37,366,67,0.09181141439205956,0.3557692307692308,0.14595660749506903
completed,llm_http,gemma-3-4b-it,gpu,three-shot,2401,ORG,42,539,208,0.07228915662650602,0.168,0.10108303249097472
completed,llm_http,gemma-3-4b-it,gpu,three-shot,2401,PERCENT,0,17,4,0.0,0.0,0.0
completed,llm_http,gemma-3-4b-it,gpu,three-shot,2401,PERSON,202,454,452,0.3079268292682927,0.308868501529052,0.30839694656488553
completed,llm_http,gemma-3-4b-it,gpu,three-shot,2401,PRODUCT,9,321,52,0.02727272727272727,0.14754098360655737,0.04603580562659846
completed,llm_http,gemma-3-4b-it,gpu,three-shot,2401,QUANTITY,6,79,30,0.07058823529411765,0.16666666666666666,0.09917355371900827
completed,llm_http,gemma-3-4b-it,gpu,three-shot,2401,TIME,1,93,3,0.010638297872340425,0.25,0.02040816326530612
completed,llm_http,gemma-3-4b-it,gpu,three-shot,2401,TITLE,15,300,138,0.047619047619047616,0.09803921568627451,0.06410256410256411
completed,llm_http,gemma-3-4b-it,gpu,three-shot,2401,WORK_OF_ART,11,172,147,0.060109289617486336,0.06962025316455696,0.06451612903225806
completed,llm_http,gemma-3-4b-it,gpu,three-shot,42,CARDINAL,49,74,191,0.3983739837398374,0.20416666666666666,0.2699724517906336
completed,llm_http,gemma-3-4b-it,gpu,three-shot,42,DATE,84,346,259,0.19534883720930232,0.24489795918367346,0.21733505821474772
completed,llm_http,gemma-3-4b-it,gpu,three-shot,42,EVENT,0,31,95,0.0,0.0,0.0
completed,llm_http,gemma-3-4b-it,gpu,three-shot,42,FAC,0,31,46,0.0,0.0,0.0
completed,llm_http,gemma-3-4b-it,gpu,three-shot,42,GPE,282,327,284,0.4630541871921182,0.49823321554770317,0.48
completed,llm_http,gemma-3-4b-it,gpu,three-shot,42,LANGUAGE,11,39,18,0.22,0.3793103448275862,0.27848101265822783
completed,llm_http,gemma-3-4b-it,gpu,three-shot,42,LAW,0,7,6,0.0,0.0,0.0
completed,llm_http,gemma-3-4b-it,gpu,three-shot,42,LOC,3,261,47,0.011363636363636364,0.06,0.01910828025477707
completed,llm_http,gemma-3-4b-it,gpu,three-shot,42,MONEY,0,12,5,0.0,0.0,0.0
completed,llm_http,gemma-3-4b-it,gpu,three-shot,42,NORP,48,59,164,0.4485981308411215,0.22641509433962265,0.30094043887147337
completed,llm_http,gemma-3-4b-it,gpu,three-shot,42,ORDINAL,19,130,85,0.12751677852348994,0.18269230769230768,0.15019762845849802
completed,llm_http,gemma-3-4b-it,gpu,three-shot,42,ORG,39,404,211,0.08803611738148984,0.156,0.11255411255411255
completed,llm_http,gemma-3-4b-it,gpu,three-shot,42,PERCENT,1,5,3,0.16666666666666666,0.25,0.2
completed,llm_http,gemma-3-4b-it,gpu,three-shot,42,PERSON,202,649,452,0.23736780258519388,0.308868501529052,0.26843853820598007
completed,llm_http,gemma-3-4b-it,gpu,three-shot,42,PRODUCT,7,183,54,0.03684210526315789,0.11475409836065574,0.055776892430278883
completed,llm_http,gemma-3-4b-it,gpu,three-shot,42,QUANTITY,0,50,36,0.0,0.0,0.0
completed,llm_http,gemma-3-4b-it,gpu,three-shot,42,TIME,1,16,3,0.058823529411764705,0.25,0.09523809523809523
completed,llm_http,gemma-3-4b-it,gpu,three-shot,42,TITLE,7,58,146,0.1076923076923077,0.0457516339869281,0.06422018348623852
completed,llm_http,gemma-3-4b-it,gpu,three-shot,42,WORK_OF_ART,6,84,152,0.06666666666666667,0.0379746835443038,0.048387096774193554
completed,llm_http,gemma-3-4b-it,gpu,zero-shot,fixed,CARDINAL,41,92,199,0.3082706766917293,0.17083333333333334,0.21983914209115282
completed,llm_http,gemma-3-4b-it,gpu,zero-shot,fixed,DATE,43,331,300,0.11497326203208556,0.12536443148688048,0.1199442119944212
completed,llm_http,gemma-3-4b-it,gpu,zero-shot,fixed,EVENT,0,64,95,0.0,0.0,0.0
completed,llm_http,gemma-3-4b-it,gpu,zero-shot,fixed,FAC,0,101,46,0.0,0.0,0.0
completed,llm_http,gemma-3-4b-it,gpu,zero-shot,fixed,GPE,81,368,485,0.18040089086859687,0.1431095406360424,0.15960591133004925
completed,llm_http,gemma-3-4b-it,gpu,zero-shot,fixed,LANGUAGE,5,38,24,0.11627906976744186,0.1724137931034483,0.1388888888888889
completed,llm_http,gemma-3-4b-it,gpu,zero-shot,fixed,LAW,0,24,6,0.0,0.0,0.0
completed,llm_http,gemma-3-4b-it,gpu,zero-shot,fixed,LOC,0,181,50,0.0,0.0,0.0
completed,llm_http,gemma-3-4b-it,gpu,zero-shot,fixed,MONEY,0,13,5,0.0,0.0,0.0
completed,llm_http,gemma-3-4b-it,gpu,zero-shot,fixed,NORP,29,101,183,0.2230769230769231,0.13679245283018868,0.1695906432748538
completed,llm_http,gemma-3-4b-it,gpu,zero-shot,fixed,ORDINAL,20,125,84,0.13793103448275862,0.19230769230769232,0.1606425702811245
completed,llm_http,gemma-3-4b-it,gpu,zero-shot,fixed,ORG,18,303,232,0.056074766355140186,0.072,0.06304728546409807
completed,llm_http,gemma-3-4b-it,gpu,zero-shot,fixed,PERCENT,0,10,4,0.0,0.0,0.0
completed,llm_http,gemma-3-4b-it,gpu,zero-shot,fixed,PERSON,89,580,565,0.13303437967115098,0.13608562691131498,0.1345427059712774
completed,llm_http,gemma-3-4b-it,gpu,zero-shot,fixed,PRODUCT,1,81,60,0.012195121951219513,0.01639344262295082,0.013986013986013988
completed,llm_http,gemma-3-4b-it,gpu,zero-shot,fixed,QUANTITY,0,54,36,0.0,0.0,0.0
completed,llm_http,gemma-3-4b-it,gpu,zero-shot,fixed,TIME,2,53,2,0.03636363636363636,0.5,0.06779661016949153
completed,llm_http,gemma-3-4b-it,gpu,zero-shot,fixed,TITLE,4,62,149,0.06060606060606061,0.026143790849673203,0.03652968036529681
completed,llm_http,gemma-3-4b-it,gpu,zero-shot,fixed,WORK_OF_ART,1,35,157,0.027777777777777776,0.006329113924050633,0.010309278350515464
completed,llm_http,phi-4-mini-instruct,gpu,one-shot,1771,CARDINAL,12,125,228,0.08759124087591241,0.05,0.06366047745358092
completed,llm_http,phi-4-mini-instruct,gpu,one-shot,1771,DATE,31,541,312,0.05419580419580419,0.09037900874635568,0.06775956284153005
completed,llm_http,phi-4-mini-instruct,gpu,one-shot,1771,EVENT,6,924,89,0.0064516129032258064,0.06315789473684211,0.011707317073170732
completed,llm_http,phi-4-mini-instruct,gpu,one-shot,1771,FAC,1,25,45,0.038461538461538464,0.021739130434782608,0.027777777777777776
completed,llm_http,phi-4-mini-instruct,gpu,one-shot,1771,GPE,28,534,538,0.0498220640569395,0.04946996466431095,0.04964539007092198
completed,llm_http,phi-4-mini-instruct,gpu,one-shot,1771,LANGUAGE,3,72,26,0.04,0.10344827586206896,0.057692307692307696
completed,llm_http,phi-4-mini-instruct,gpu,one-shot,1771,LAW,0,127,6,0.0,0.0,0.0
completed,llm_http,phi-4-mini-instruct,gpu,one-shot,1771,LOC,1,186,49,0.0053475935828877,0.02,0.008438818565400843
completed,llm_http,phi-4-mini-instruct,gpu,one-shot,1771,MONEY,0,81,5,0.0,0.0,0.0
completed,llm_http,phi-4-mini-instruct,gpu,one-shot,1771,NORP,8,59,204,0.11940298507462686,0.03773584905660377,0.05734767025089605
completed,llm_http,phi-4-mini-instruct,gpu,one-shot,1771,ORDINAL,10,69,94,0.12658227848101267,0.09615384615384616,0.10928961748633882
completed,llm_http,phi-4-mini-instruct,gpu,one-shot,1771,ORG,14,139,236,0.0915032679738562,0.056,0.0694789081885856
completed,llm_http,phi-4-mini-instruct,gpu,one-shot,1771,PERCENT,0,7,4,0.0,0.0,0.0
completed,llm_http,phi-4-mini-instruct,gpu,one-shot,1771,PERSON,102,927,552,0.09912536443148688,0.1559633027522936,0.1212121212121212
completed,llm_http,phi-4-mini-instruct,gpu,one-shot,1771,PRODUCT,4,574,57,0.006920415224913495,0.06557377049180328,0.012519561815336465
completed,llm_http,phi-4-mini-instruct,gpu,one-shot,1771,QUANTITY,4,204,32,0.019230769230769232,0.1111111111111111,0.03278688524590165
completed,llm_http,phi-4-mini-instruct,gpu,one-shot,1771,TIME,0,36,4,0.0,0.0,0.0
completed,llm_http,phi-4-mini-instruct,gpu,one-shot,1771,TITLE,5,508,148,0.009746588693957114,0.032679738562091505,0.015015015015015015
completed,llm_http,phi-4-mini-instruct,gpu,one-shot,1771,WORK_OF_ART,5,51,153,0.08928571428571429,0.03164556962025317,0.04672897196261683
completed,llm_http,phi-4-mini-instruct,gpu,one-shot,2401,CARDINAL,8,27,232,0.22857142857142856,0.03333333333333333,0.05818181818181818
completed,llm_http,phi-4-mini-instruct,gpu,one-shot,2401,DATE,29,361,314,0.07435897435897436,0.08454810495626822,0.0791268758526603
completed,llm_http,phi-4-mini-instruct,gpu,one-shot,2401,EVENT,3,336,92,0.008849557522123894,0.031578947368421054,0.013824884792626727
completed,llm_http,phi-4-mini-instruct,gpu,one-shot,2401,FAC,0,11,46,0.0,0.0,0.0
completed,llm_http,phi-4-mini-instruct,gpu,one-shot,2401,GPE,25,244,541,0.09293680297397769,0.044169611307420496,0.059880239520958084
completed,llm_http,phi-4-mini-instruct,gpu,one-shot,2401,LANGUAGE,2,35,27,0.05405405405405406,0.06896551724137931,0.06060606060606061
completed,llm_http,phi-4-mini-instruct,gpu,one-shot,2401,LAW,0,53,6,0.0,0.0,0.0
completed,llm_http,phi-4-mini-instruct,gpu,one-shot,2401,LOC,1,149,49,0.006666666666666667,0.02,0.01
completed,llm_http,phi-4-mini-instruct,gpu,one-shot,2401,MONEY,1,54,4,0.01818181818181818,0.2,0.03333333333333333
completed,llm_http,phi-4-mini-instruct,gpu,one-shot,2401,NORP,11,55,201,0.16666666666666666,0.05188679245283019,0.07913669064748201
completed,llm_http,phi-4-mini-instruct,gpu,one-shot,2401,ORDINAL,3,62,101,0.046153846153846156,0.028846153846153848,0.03550295857988166
completed,llm_http,phi-4-mini-instruct,gpu,one-shot,2401,ORG,12,131,238,0.08391608391608392,0.048,0.061068702290076333
completed,llm_http,phi-4-mini-instruct,gpu,one-shot,2401,PERCENT,0,13,4,0.0,0.0,0.0
completed,llm_http,phi-4-mini-instruct,gpu,one-shot,2401,PERSON,50,530,604,0.08620689655172414,0.0764525993883792,0.08103727714748783
completed,llm_http,phi-4-mini-instruct,gpu,one-shot,2401,PRODUCT,6,184,55,0.031578947368421054,0.09836065573770492,0.04780876494023905
completed,llm_http,phi-4-mini-instruct,gpu,one-shot,2401,QUANTITY,2,198,34,0.01,0.05555555555555555,0.016949152542372885
completed,llm_http,phi-4-mini-instruct,gpu,one-shot,2401,TIME,1,29,3,0.03333333333333333,0.25,0.058823529411764705
completed,llm_http,phi-4-mini-instruct,gpu,one-shot,2401,TITLE,3,329,150,0.009036144578313253,0.0196078431372549,0.012371134020618554
completed,llm_http,phi-4-mini-instruct,gpu,one-shot,2401,WORK_OF_ART,2,41,156,0.046511627906976744,0.012658227848101266,0.01990049751243781
completed,llm_http,phi-4-mini-instruct,gpu,one-shot,42,CARDINAL,24,107,216,0.183206106870229,0.1,0.1293800539083558
completed,llm_http,phi-4-mini-instruct,gpu,one-shot,42,DATE,25,411,318,0.05733944954128441,0.0728862973760933,0.06418485237483953
completed,llm_http,phi-4-mini-instruct,gpu,one-shot,42,EVENT,0,269,95,0.0,0.0,0.0
completed,llm_http,phi-4-mini-instruct,gpu,one-shot,42,FAC,0,14,46,0.0,0.0,0.0
completed,llm_http,phi-4-mini-instruct,gpu,one-shot,42,GPE,67,373,499,0.15227272727272728,0.11837455830388692,0.1332007952286282
completed,llm_http,phi-4-mini-instruct,gpu,one-shot,42,LANGUAGE,0,26,29,0.0,0.0,0.0
completed,llm_http,phi-4-mini-instruct,gpu,one-shot,42,LAW,0,87,6,0.0,0.0,0.0
completed,llm_http,phi-4-mini-instruct,gpu,one-shot,42,LOC,0,140,50,0.0,0.0,0.0
completed,llm_http,phi-4-mini-instruct,gpu,one-shot,42,MONEY,0,41,5,0.0,0.0,0.0
completed,llm_http,phi-4-mini-instruct,gpu,one-shot,42,NORP,13,52,199,0.2,0.06132075471698113,0.09386281588447654
completed,llm_http,phi-4-mini-instruct,gpu,one-shot,42,ORDINAL,13,71,91,0.15476190476190477,0.125,0.13829787234042554
completed,llm_http,phi-4-mini-instruct,gpu,one-shot,42,ORG,6,85,244,0.06593406593406594,0.024,0.03519061583577712
completed,llm_http,phi-4-mini-instruct,gpu,one-shot,42,PERCENT,0,4,4,0.0,0.0,0.0
completed,llm_http,phi-4-mini-instruct,gpu,one-shot,42,PERSON,77,659,577,0.10461956521739131,0.11773700305810397,0.11079136690647483
completed,llm_http,phi-4-mini-instruct,gpu,one-shot,42,PRODUCT,1,172,60,0.005780346820809248,0.01639344262295082,0.008547008547008546
completed,llm_http,phi-4-mini-instruct,gpu,one-shot,42,QUANTITY,0,108,36,0.0,0.0,0.0
completed,llm_http,phi-4-mini-instruct,gpu,one-shot,42,TIME,1,16,3,0.058823529411764705,0.25,0.09523809523809523
completed,llm_http,phi-4-mini-instruct,gpu,one-shot,42,TITLE,9,304,144,0.02875399361022364,0.058823529411764705,0.03862660944206008
completed,llm_http,phi-4-mini-instruct,gpu,one-shot,42,WORK_OF_ART,0,22,158,0.0,0.0,0.0
completed,llm_http,phi-4-mini-instruct,gpu,three-shot,1771,CARDINAL,22,110,218,0.16666666666666666,0.09166666666666666,0.11827956989247311
completed,llm_http,phi-4-mini-instruct,gpu,three-shot,1771,DATE,15,362,328,0.03978779840848806,0.043731778425655975,0.04166666666666666
completed,llm_http,phi-4-mini-instruct,gpu,three-shot,1771,EVENT,7,385,88,0.017857142857142856,0.07368421052631578,0.02874743326488706
completed,llm_http,phi-4-mini-instruct,gpu,three-shot,1771,FAC,0,0,46,0.0,0.0,0.0
completed,llm_http,phi-4-mini-instruct,gpu,three-shot,1771,GPE,29,179,537,0.13942307692307693,0.05123674911660778,0.07493540051679587
completed,llm_http,phi-4-mini-instruct,gpu,three-shot,1771,LANGUAGE,1,22,28,0.043478260869565216,0.034482758620689655,0.038461538461538464
completed,llm_http,phi-4-mini-instruct,gpu,three-shot,1771,LAW,0,23,6,0.0,0.0,0.0
completed,llm_http,phi-4-mini-instruct,gpu,three-shot,1771,LOC,0,110,50,0.0,0.0,0.0
completed,llm_http,phi-4-mini-instruct,gpu,three-shot,1771,MONEY,0,43,5,0.0,0.0,0.0
completed,llm_http,phi-4-mini-instruct,gpu,three-shot,1771,NORP,16,44,196,0.26666666666666666,0.07547169811320754,0.11764705882352941
completed,llm_http,phi-4-mini-instruct,gpu,three-shot,1771,ORDINAL,8,38,96,0.17391304347826086,0.07692307692307693,0.10666666666666666
completed,llm_http,phi-4-mini-instruct,gpu,three-shot,1771,ORG,4,49,246,0.07547169811320754,0.016,0.026402640264026406
completed,llm_http,phi-4-mini-instruct,gpu,three-shot,1771,PERCENT,0,2,4,0.0,0.0,0.0
completed,llm_http,phi-4-mini-instruct,gpu,three-shot,1771,PERSON,69,622,585,0.09985528219971057,0.10550458715596331,0.10260223048327138
completed,llm_http,phi-4-mini-instruct,gpu,three-shot,1771,PRODUCT,2,165,59,0.011976047904191617,0.03278688524590164,0.017543859649122806
completed,llm_http,phi-4-mini-instruct,gpu,three-shot,1771,QUANTITY,0,98,36,0.0,0.0,0.0
completed,llm_http,phi-4-mini-instruct,gpu,three-shot,1771,TIME,1,20,3,0.047619047619047616,0.25,0.08
completed,llm_http,phi-4-mini-instruct,gpu,three-shot,1771,TITLE,15,764,138,0.019255455712451863,0.09803921568627451,0.032188841201716736
completed,llm_http,phi-4-mini-instruct,gpu,three-shot,1771,WORK_OF_ART,0,18,158,0.0,0.0,0.0
completed,llm_http,phi-4-mini-instruct,gpu,three-shot,2401,CARDINAL,18,81,222,0.18181818181818182,0.075,0.10619469026548671
completed,llm_http,phi-4-mini-instruct,gpu,three-shot,2401,DATE,33,310,310,0.09620991253644315,0.09620991253644315,0.09620991253644315
completed,llm_http,phi-4-mini-instruct,gpu,three-shot,2401,EVENT,3,454,92,0.006564551422319475,0.031578947368421054,0.010869565217391304
completed,llm_http,phi-4-mini-instruct,gpu,three-shot,2401,FAC,0,2,46,0.0,0.0,0.0
completed,llm_http,phi-4-mini-instruct,gpu,three-shot,2401,GPE,35,275,531,0.11290322580645161,0.061837455830388695,0.07990867579908675
completed,llm_http,phi-4-mini-instruct,gpu,three-shot,2401,LANGUAGE,1,30,28,0.03225806451612903,0.034482758620689655,0.03333333333333333
completed,llm_http,phi-4-mini-instruct,gpu,three-shot,2401,LAW,0,37,6,0.0,0.0,0.0
completed,llm_http,phi-4-mini-instruct,gpu,three-shot,2401,LOC,2,177,48,0.0111731843575419,0.04,0.017467248908296942
completed,llm_http,phi-4-mini-instruct,gpu,three-shot,2401,MONEY,1,66,4,0.014925373134328358,0.2,0.02777777777777778
completed,llm_http,phi-4-mini-instruct,gpu,three-shot,2401,NORP,22,80,190,0.21568627450980393,0.10377358490566038,0.14012738853503184
completed,llm_http,phi-4-mini-instruct,gpu,three-shot,2401,ORDINAL,12,99,92,0.10810810810810811,0.11538461538461539,0.11162790697674418
completed,llm_http,phi-4-mini-instruct,gpu,three-shot,2401,ORG,14,208,236,0.06306306306306306,0.056,0.059322033898305086
completed,llm_http,phi-4-mini-instruct,gpu,three-shot,2401,PERCENT,0,13,4,0.0,0.0,0.0
completed,llm_http,phi-4-mini-instruct,gpu,three-shot,2401,PERSON,88,561,566,0.13559322033898305,0.1345565749235474,0.13507290867229468
completed,llm_http,phi-4-mini-instruct,gpu,three-shot,2401,PRODUCT,3,161,58,0.018292682926829267,0.04918032786885246,0.02666666666666666
completed,llm_http,phi-4-mini-instruct,gpu,three-shot,2401,QUANTITY,2,200,34,0.009900990099009901,0.05555555555555555,0.016806722689075633
completed,llm_http,phi-4-mini-instruct,gpu,three-shot,2401,TIME,0,29,4,0.0,0.0,0.0
completed,llm_http,phi-4-mini-instruct,gpu,three-shot,2401,TITLE,24,906,129,0.025806451612903226,0.1568627450980392,0.0443213296398892
completed,llm_http,phi-4-mini-instruct,gpu,three-shot,2401,WORK_OF_ART,2,33,156,0.05714285714285714,0.012658227848101266,0.020725388601036267
completed,llm_http,phi-4-mini-instruct,gpu,three-shot,42,CARDINAL,16,70,224,0.18604651162790697,0.06666666666666667,0.09815950920245399
completed,llm_http,phi-4-mini-instruct,gpu,three-shot,42,DATE,24,209,319,0.10300429184549356,0.06997084548104957,0.08333333333333334
completed,llm_http,phi-4-mini-instruct,gpu,three-shot,42,EVENT,0,156,95,0.0,0.0,0.0
completed,llm_http,phi-4-mini-instruct,gpu,three-shot,42,FAC,0,0,46,0.0,0.0,0.0
completed,llm_http,phi-4-mini-instruct,gpu,three-shot,42,GPE,59,199,507,0.22868217054263565,0.10424028268551237,0.14320388349514565
completed,llm_http,phi-4-mini-instruct,gpu,three-shot,42,LANGUAGE,2,22,27,0.08333333333333333,0.06896551724137931,0.07547169811320754
completed,llm_http,phi-4-mini-instruct,gpu,three-shot,42,LAW,0,30,6,0.0,0.0,0.0
completed,llm_http,phi-4-mini-instruct,gpu,three-shot,42,LOC,0,48,50,0.0,0.0,0.0
completed,llm_http,phi-4-mini-instruct,gpu,three-shot,42,MONEY,0,16,5,0.0,0.0,0.0
completed,llm_http,phi-4-mini-instruct,gpu,three-shot,42,NORP,13,35,199,0.2708333333333333,0.06132075471698113,0.1
completed,llm_http,phi-4-mini-instruct,gpu,three-shot,42,ORDINAL,10,53,94,0.15873015873015872,0.09615384615384616,0.11976047904191617
completed,llm_http,phi-4-mini-instruct,gpu,three-shot,42,ORG,3,40,247,0.06976744186046512,0.012,0.020477815699658706
completed,llm_http,phi-4-mini-instruct,gpu,three-shot,42,PERCENT,0,2,4,0.0,0.0,0.0
completed,llm_http,phi-4-mini-instruct,gpu,three-shot,42,PERSON,50,453,604,0.09940357852882704,0.0764525993883792,0.08643042350907519
completed,llm_http,phi-4-mini-instruct,gpu,three-shot,42,PRODUCT,2,135,59,0.014598540145985401,0.03278688524590164,0.0202020202020202
completed,llm_http,phi-4-mini-instruct,gpu,three-shot,42,QUANTITY,0,88,36,0.0,0.0,0.0
completed,llm_http,phi-4-mini-instruct,gpu,three-shot,42,TIME,0,15,4,0.0,0.0,0.0
completed,llm_http,phi-4-mini-instruct,gpu,three-shot,42,TITLE,7,215,146,0.03153153153153153,0.0457516339869281,0.03733333333333333
completed,llm_http,phi-4-mini-instruct,gpu,three-shot,42,WORK_OF_ART,4,32,154,0.1111111111111111,0.02531645569620253,0.041237113402061855
completed,llm_http,phi-4-mini-instruct,gpu,zero-shot,fixed,CARDINAL,16,48,224,0.25,0.06666666666666667,0.10526315789473685
completed,llm_http,phi-4-mini-instruct,gpu,zero-shot,fixed,DATE,20,226,323,0.08130081300813008,0.05830903790087463,0.06791171477079797
completed,llm_http,phi-4-mini-instruct,gpu,zero-shot,fixed,EVENT,0,195,95,0.0,0.0,0.0
completed,llm_http,phi-4-mini-instruct,gpu,zero-shot,fixed,FAC,0,4,46,0.0,0.0,0.0
completed,llm_http,phi-4-mini-instruct,gpu,zero-shot,fixed,GPE,63,295,503,0.17597765363128492,0.11130742049469965,0.13636363636363638
completed,llm_http,phi-4-mini-instruct,gpu,zero-shot,fixed,LANGUAGE,0,24,29,0.0,0.0,0.0
completed,llm_http,phi-4-mini-instruct,gpu,zero-shot,fixed,LAW,0,23,6,0.0,0.0,0.0
completed,llm_http,phi-4-mini-instruct,gpu,zero-shot,fixed,LOC,0,56,50,0.0,0.0,0.0
completed,llm_http,phi-4-mini-instruct,gpu,zero-shot,fixed,MONEY,0,28,5,0.0,0.0,0.0
completed,llm_http,phi-4-mini-instruct,gpu,zero-shot,fixed,NORP,15,43,197,0.25862068965517243,0.07075471698113207,0.11111111111111112
completed,llm_http,phi-4-mini-instruct,gpu,zero-shot,fixed,ORDINAL,8,46,96,0.14814814814814814,0.07692307692307693,0.10126582278481014
completed,llm_http,phi-4-mini-instruct,gpu,zero-shot,fixed,ORG,11,103,239,0.09649122807017543,0.044,0.06043956043956043
completed,llm_http,phi-4-mini-instruct,gpu,zero-shot,fixed,PERCENT,0,1,4,0.0,0.0,0.0
completed,llm_http,phi-4-mini-instruct,gpu,zero-shot,fixed,PERSON,92,802,562,0.1029082774049217,0.14067278287461774,0.11886304909560723
completed,llm_http,phi-4-mini-instruct,gpu,zero-shot,fixed,PRODUCT,4,211,57,0.018604651162790697,0.06557377049180328,0.028985507246376812
completed,llm_http,phi-4-mini-instruct,gpu,zero-shot,fixed,QUANTITY,0,84,36,0.0,0.0,0.0
completed,llm_http,phi-4-mini-instruct,gpu,zero-shot,fixed,TIME,1,9,3,0.1,0.25,0.14285714285714288
completed,llm_http,phi-4-mini-instruct,gpu,zero-shot,fixed,TITLE,6,156,147,0.037037037037037035,0.0392156862745098,0.0380952380952381
completed,llm_http,phi-4-mini-instruct,gpu,zero-shot,fixed,WORK_OF_ART,1,40,157,0.024390243902439025,0.006329113924050633,0.010050251256281407
completed,llm_http,qwen3-0.6b,gpu,one-shot,1771,CARDINAL,2,6,238,0.25,0.008333333333333333,0.016129032258064516
completed,llm_http,qwen3-0.6b,gpu,one-shot,1771,DATE,26,405,317,0.060324825986078884,0.07580174927113703,0.06718346253229975
completed,llm_http,qwen3-0.6b,gpu,one-shot,1771,EVENT,0,221,95,0.0,0.0,0.0
completed,llm_http,qwen3-0.6b,gpu,one-shot,1771,FAC,0,0,46,0.0,0.0,0.0
completed,llm_http,qwen3-0.6b,gpu,one-shot,1771,GPE,39,202,527,0.16182572614107885,0.06890459363957598,0.0966542750929368
completed,llm_http,qwen3-0.6b,gpu,one-shot,1771,LANGUAGE,3,15,26,0.16666666666666666,0.10344827586206896,0.1276595744680851
completed,llm_http,qwen3-0.6b,gpu,one-shot,1771,LAW,0,1,6,0.0,0.0,0.0
completed,llm_http,qwen3-0.6b,gpu,one-shot,1771,LOC,1,1490,49,0.0006706908115358819,0.02,0.0012978585334198572
completed,llm_http,qwen3-0.6b,gpu,one-shot,1771,MONEY,0,29,5,0.0,0.0,0.0
completed,llm_http,qwen3-0.6b,gpu,one-shot,1771,NORP,0,585,212,0.0,0.0,0.0
completed,llm_http,qwen3-0.6b,gpu,one-shot,1771,ORDINAL,7,41,97,0.14583333333333334,0.0673076923076923,0.09210526315789473
completed,llm_http,qwen3-0.6b,gpu,one-shot,1771,ORG,20,1199,230,0.016406890894175553,0.08,0.02722940776038121
completed,llm_http,qwen3-0.6b,gpu,one-shot,1771,PERCENT,0,19,4,0.0,0.0,0.0
completed,llm_http,qwen3-0.6b,gpu,one-shot,1771,PERSON,50,1639,604,0.02960331557134399,0.0764525993883792,0.04268032437046521
completed,llm_http,qwen3-0.6b,gpu,one-shot,1771,PRODUCT,0,33,61,0.0,0.0,0.0
completed,llm_http,qwen3-0.6b,gpu,one-shot,1771,QUANTITY,2,45,34,0.0425531914893617,0.05555555555555555,0.048192771084337345
completed,llm_http,qwen3-0.6b,gpu,one-shot,1771,TIME,1,30,3,0.03225806451612903,0.25,0.05714285714285715
completed,llm_http,qwen3-0.6b,gpu,one-shot,1771,TITLE,0,435,153,0.0,0.0,0.0
completed,llm_http,qwen3-0.6b,gpu,one-shot,1771,WORK_OF_ART,0,17,158,0.0,0.0,0.0
completed,llm_http,qwen3-0.6b,gpu,one-shot,2401,CARDINAL,0,2,240,0.0,0.0,0.0
completed,llm_http,qwen3-0.6b,gpu,one-shot,2401,DATE,32,501,311,0.0600375234521576,0.09329446064139942,0.0730593607305936
completed,llm_http,qwen3-0.6b,gpu,one-shot,2401,EVENT,0,147,95,0.0,0.0,0.0
completed,llm_http,qwen3-0.6b,gpu,one-shot,2401,FAC,0,0,46,0.0,0.0,0.0
completed,llm_http,qwen3-0.6b,gpu,one-shot,2401,GPE,41,127,525,0.24404761904761904,0.07243816254416961,0.11171662125340599
completed,llm_http,qwen3-0.6b,gpu,one-shot,2401,LANGUAGE,7,75,22,0.08536585365853659,0.2413793103448276,0.12612612612612614
completed,llm_http,qwen3-0.6b,gpu,one-shot,2401,LAW,0,1,6,0.0,0.0,0.0
completed,llm_http,qwen3-0.6b,gpu,one-shot,2401,LOC,1,950,49,0.0010515247108307045,0.02,0.0019980019980019976
completed,llm_http,qwen3-0.6b,gpu,one-shot,2401,MONEY,0,98,5,0.0,0.0,0.0
completed,llm_http,qwen3-0.6b,gpu,one-shot,2401,NORP,1,504,211,0.0019801980198019802,0.0047169811320754715,0.0027894002789400282
completed,llm_http,qwen3-0.6b,gpu,one-shot,2401,ORDINAL,2,13,102,0.13333333333333333,0.019230769230769232,0.03361344537815126
completed,llm_http,qwen3-0.6b,gpu,one-shot,2401,ORG,14,1045,236,0.013220018885741265,0.056,0.0213903743315508
completed,llm_http,qwen3-0.6b,gpu,one-shot,2401,PERCENT,0,26,4,0.0,0.0,0.0
completed,llm_http,qwen3-0.6b,gpu,one-shot,2401,PERSON,52,941,602,0.05236656596173213,0.07951070336391437,0.06314511232544019
completed,llm_http,qwen3-0.6b,gpu,one-shot,2401,PRODUCT,0,35,61,0.0,0.0,0.0
completed,llm_http,qwen3-0.6b,gpu,one-shot,2401,QUANTITY,1,40,35,0.024390243902439025,0.027777777777777776,0.025974025974025976
completed,llm_http,qwen3-0.6b,gpu,one-shot,2401,TIME,2,55,2,0.03508771929824561,0.5,0.06557377049180328
completed,llm_http,qwen3-0.6b,gpu,one-shot,2401,TITLE,0,367,153,0.0,0.0,0.0
completed,llm_http,qwen3-0.6b,gpu,one-shot,2401,WORK_OF_ART,0,5,158,0.0,0.0,0.0
completed,llm_http,qwen3-0.6b,gpu,one-shot,42,CARDINAL,0,2,240,0.0,0.0,0.0
completed,llm_http,qwen3-0.6b,gpu,one-shot,42,DATE,11,279,332,0.03793103448275862,0.03206997084548105,0.03475513428120063
completed,llm_http,qwen3-0.6b,gpu,one-shot,42,EVENT,1,196,94,0.005076142131979695,0.010526315789473684,0.00684931506849315
completed,llm_http,qwen3-0.6b,gpu,one-shot,42,FAC,0,1,46,0.0,0.0,0.0
completed,llm_http,qwen3-0.6b,gpu,one-shot,42,GPE,41,117,525,0.25949367088607594,0.07243816254416961,0.1132596685082873
completed,llm_http,qwen3-0.6b,gpu,one-shot,42,LANGUAGE,1,28,28,0.034482758620689655,0.034482758620689655,0.034482758620689655
completed,llm_http,qwen3-0.6b,gpu,one-shot,42,LAW,0,2,6,0.0,0.0,0.0
completed,llm_http,qwen3-0.6b,gpu,one-shot,42,LOC,0,331,50,0.0,0.0,0.0
completed,llm_http,qwen3-0.6b,gpu,one-shot,42,MONEY,0,13,5,0.0,0.0,0.0
completed,llm_http,qwen3-0.6b,gpu,one-shot,42,NORP,0,81,212,0.0,0.0,0.0
completed,llm_http,qwen3-0.6b,gpu,one-shot,42,ORDINAL,4,10,100,0.2857142857142857,0.038461538461538464,0.06779661016949154
completed,llm_http,qwen3-0.6b,gpu,one-shot,42,ORG,6,315,244,0.018691588785046728,0.024,0.021015761821366028
completed,llm_http,qwen3-0.6b,gpu,one-shot,42,PERCENT,0,15,4,0.0,0.0,0.0
completed,llm_http,qwen3-0.6b,gpu,one-shot,42,PERSON,79,917,575,0.07931726907630522,0.12079510703363915,0.09575757575757575
completed,llm_http,qwen3-0.6b,gpu,one-shot,42,PRODUCT,0,8,61,0.0,0.0,0.0
completed,llm_http,qwen3-0.6b,gpu,one-shot,42,QUANTITY,0,12,36,0.0,0.0,0.0
completed,llm_http,qwen3-0.6b,gpu,one-shot,42,TIME,0,24,4,0.0,0.0,0.0
completed,llm_http,qwen3-0.6b,gpu,one-shot,42,TITLE,2,216,151,0.009174311926605505,0.013071895424836602,0.010781671159029648
completed,llm_http,qwen3-0.6b,gpu,one-shot,42,WORK_OF_ART,0,9,158,0.0,0.0,0.0
completed,llm_http,qwen3-0.6b,gpu,three-shot,1771,CARDINAL,0,1,240,0.0,0.0,0.0
completed,llm_http,qwen3-0.6b,gpu,three-shot,1771,DATE,39,603,304,0.06074766355140187,0.11370262390670553,0.07918781725888324
completed,llm_http,qwen3-0.6b,gpu,three-shot,1771,EVENT,0,143,95,0.0,0.0,0.0
completed,llm_http,qwen3-0.6b,gpu,three-shot,1771,FAC,0,0,46,0.0,0.0,0.0
completed,llm_http,qwen3-0.6b,gpu,three-shot,1771,GPE,27,70,539,0.27835051546391754,0.04770318021201413,0.08144796380090498
completed,llm_http,qwen3-0.6b,gpu,three-shot,1771,LANGUAGE,6,23,23,0.20689655172413793,0.20689655172413793,0.20689655172413793
completed,llm_http,qwen3-0.6b,gpu,three-shot,1771,LAW,0,0,6,0.0,0.0,0.0
completed,llm_http,qwen3-0.6b,gpu,three-shot,1771,LOC,0,858,50,0.0,0.0,0.0
completed,llm_http,qwen3-0.6b,gpu,three-shot,1771,MONEY,0,13,5,0.0,0.0,0.0
completed,llm_http,qwen3-0.6b,gpu,three-shot,1771,NORP,12,2362,200,0.005054759898904802,0.05660377358490566,0.009280742459396751
completed,llm_http,qwen3-0.6b,gpu,three-shot,1771,ORDINAL,10,22,94,0.3125,0.09615384615384616,0.14705882352941177
completed,llm_http,qwen3-0.6b,gpu,three-shot,1771,ORG,17,531,233,0.03102189781021898,0.068,0.04260651629072682
completed,llm_http,qwen3-0.6b,gpu,three-shot,1771,PERCENT,0,4,4,0.0,0.0,0.0
completed,llm_http,qwen3-0.6b,gpu,three-shot,1771,PERSON,71,1368,583,0.04933981931897151,0.10856269113149847,0.06784519827998088
completed,llm_http,qwen3-0.6b,gpu,three-shot,1771,PRODUCT,0,23,61,0.0,0.0,0.0
completed,llm_http,qwen3-0.6b,gpu,three-shot,1771,QUANTITY,1,34,35,0.02857142857142857,0.027777777777777776,0.028169014084507043
completed,llm_http,qwen3-0.6b,gpu,three-shot,1771,TIME,0,12,4,0.0,0.0,0.0
completed,llm_http,qwen3-0.6b,gpu,three-shot,1771,TITLE,0,487,153,0.0,0.0,0.0
completed,llm_http,qwen3-0.6b,gpu,three-shot,1771,WORK_OF_ART,0,1,158,0.0,0.0,0.0
completed,llm_http,qwen3-0.6b,gpu,three-shot,2401,CARDINAL,2,7,238,0.2222222222222222,0.008333333333333333,0.01606425702811245
completed,llm_http,qwen3-0.6b,gpu,three-shot,2401,DATE,46,373,297,0.10978520286396182,0.13411078717201166,0.12073490813648294
completed,llm_http,qwen3-0.6b,gpu,three-shot,2401,EVENT,0,118,95,0.0,0.0,0.0
completed,llm_http,qwen3-0.6b,gpu,three-shot,2401,FAC,0,0,46,0.0,0.0,0.0
completed,llm_http,qwen3-0.6b,gpu,three-shot,2401,GPE,39,108,527,0.2653061224489796,0.06890459363957598,0.1093969144460028
completed,llm_http,qwen3-0.6b,gpu,three-shot,2401,LANGUAGE,1,37,28,0.02631578947368421,0.034482758620689655,0.029850746268656716
completed,llm_http,qwen3-0.6b,gpu,three-shot,2401,LAW,0,2,6,0.0,0.0,0.0
completed,llm_http,qwen3-0.6b,gpu,three-shot,2401,LOC,4,728,46,0.00546448087431694,0.08,0.010230179028132991
completed,llm_http,qwen3-0.6b,gpu,three-shot,2401,MONEY,0,42,5,0.0,0.0,0.0
completed,llm_http,qwen3-0.6b,gpu,three-shot,2401,NORP,29,1700,183,0.0167727009832273,0.13679245283018868,0.029881504379185984
completed,llm_http,qwen3-0.6b,gpu,three-shot,2401,ORDINAL,15,47,89,0.24193548387096775,0.14423076923076922,0.18072289156626503
completed,llm_http,qwen3-0.6b,gpu,three-shot,2401,ORG,12,732,238,0.016129032258064516,0.048,0.02414486921529175
completed,llm_http,qwen3-0.6b,gpu,three-shot,2401,PERCENT,0,4,4,0.0,0.0,0.0
completed,llm_http,qwen3-0.6b,gpu,three-shot,2401,PERSON,46,288,608,0.1377245508982036,0.07033639143730887,0.09311740890688258
completed,llm_http,qwen3-0.6b,gpu,three-shot,2401,PRODUCT,0,0,61,0.0,0.0,0.0
completed,llm_http,qwen3-0.6b,gpu,three-shot,2401,QUANTITY,1,39,35,0.025,0.027777777777777776,0.026315789473684213
completed,llm_http,qwen3-0.6b,gpu,three-shot,2401,TIME,2,37,2,0.05128205128205128,0.5,0.09302325581395347
completed,llm_http,qwen3-0.6b,gpu,three-shot,2401,TITLE,3,1263,150,0.002369668246445498,0.0196078431372549,0.004228329809725159
completed,llm_http,qwen3-0.6b,gpu,three-shot,2401,WORK_OF_ART,0,2,158,0.0,0.0,0.0
completed,llm_http,qwen3-0.6b,gpu,three-shot,42,CARDINAL,1,2,239,0.3333333333333333,0.004166666666666667,0.00823045267489712
completed,llm_http,qwen3-0.6b,gpu,three-shot,42,DATE,32,622,311,0.04892966360856269,0.09329446064139942,0.06419257773319959
completed,llm_http,qwen3-0.6b,gpu,three-shot,42,EVENT,0,134,95,0.0,0.0,0.0
completed,llm_http,qwen3-0.6b,gpu,three-shot,42,FAC,0,0,46,0.0,0.0,0.0
completed,llm_http,qwen3-0.6b,gpu,three-shot,42,GPE,76,374,490,0.1688888888888889,0.13427561837455831,0.1496062992125984
completed,llm_http,qwen3-0.6b,gpu,three-shot,42,LANGUAGE,3,58,26,0.04918032786885246,0.10344827586206896,0.06666666666666667
completed,llm_http,qwen3-0.6b,gpu,three-shot,42,LAW,0,1,6,0.0,0.0,0.0
completed,llm_http,qwen3-0.6b,gpu,three-shot,42,LOC,0,554,50,0.0,0.0,0.0
completed,llm_http,qwen3-0.6b,gpu,three-shot,42,MONEY,0,49,5,0.0,0.0,0.0
completed,llm_http,qwen3-0.6b,gpu,three-shot,42,NORP,0,217,212,0.0,0.0,0.0
completed,llm_http,qwen3-0.6b,gpu,three-shot,42,ORDINAL,5,16,99,0.23809523809523808,0.04807692307692308,0.08
completed,llm_http,qwen3-0.6b,gpu,three-shot,42,ORG,7,579,243,0.011945392491467578,0.028,0.01674641148325359
completed,llm_http,qwen3-0.6b,gpu,three-shot,42,PERCENT,0,6,4,0.0,0.0,0.0
completed,llm_http,qwen3-0.6b,gpu,three-shot,42,PERSON,95,744,559,0.11323003575685339,0.1452599388379205,0.1272605492297388
completed,llm_http,qwen3-0.6b,gpu,three-shot,42,PRODUCT,0,63,61,0.0,0.0,0.0
completed,llm_http,qwen3-0.6b,gpu,three-shot,42,QUANTITY,0,26,36,0.0,0.0,0.0
completed,llm_http,qwen3-0.6b,gpu,three-shot,42,TIME,1,17,3,0.05555555555555555,0.25,0.0909090909090909
completed,llm_http,qwen3-0.6b,gpu,three-shot,42,TITLE,0,259,153,0.0,0.0,0.0
completed,llm_http,qwen3-0.6b,gpu,three-shot,42,WORK_OF_ART,1,43,157,0.022727272727272728,0.006329113924050633,0.009900990099009901
completed,llm_http,qwen3-0.6b,gpu,zero-shot,fixed,CARDINAL,2,44,238,0.043478260869565216,0.008333333333333333,0.013986013986013988
completed,llm_http,qwen3-0.6b,gpu,zero-shot,fixed,DATE,14,79,329,0.15053763440860216,0.04081632653061224,0.06422018348623854
completed,llm_http,qwen3-0.6b,gpu,zero-shot,fixed,EVENT,0,18,95,0.0,0.0,0.0
completed,llm_http,qwen3-0.6b,gpu,zero-shot,fixed,FAC,0,0,46,0.0,0.0,0.0
completed,llm_http,qwen3-0.6b,gpu,zero-shot,fixed,GPE,14,28,552,0.3333333333333333,0.024734982332155476,0.046052631578947366
completed,llm_http,qwen3-0.6b,gpu,zero-shot,fixed,LANGUAGE,1,1,28,0.5,0.034482758620689655,0.06451612903225806
completed,llm_http,qwen3-0.6b,gpu,zero-shot,fixed,LAW,0,0,6,0.0,0.0,0.0
completed,llm_http,qwen3-0.6b,gpu,zero-shot,fixed,LOC,0,38,50,0.0,0.0,0.0
completed,llm_http,qwen3-0.6b,gpu,zero-shot,fixed,MONEY,0,0,5,0.0,0.0,0.0
completed,llm_http,qwen3-0.6b,gpu,zero-shot,fixed,NORP,0,25,212,0.0,0.0,0.0
completed,llm_http,qwen3-0.6b,gpu,zero-shot,fixed,ORDINAL,0,2,104,0.0,0.0,0.0
completed,llm_http,qwen3-0.6b,gpu,zero-shot,fixed,ORG,3,27,247,0.1,0.012,0.02142857142857143
completed,llm_http,qwen3-0.6b,gpu,zero-shot,fixed,PERCENT,0,0,4,0.0,0.0,0.0
completed,llm_http,qwen3-0.6b,gpu,zero-shot,fixed,PERSON,98,744,556,0.1163895486935867,0.14984709480122324,0.1310160427807487
completed,llm_http,qwen3-0.6b,gpu,zero-shot,fixed,PRODUCT,0,0,61,0.0,0.0,0.0
completed,llm_http,qwen3-0.6b,gpu,zero-shot,fixed,QUANTITY,0,0,36,0.0,0.0,0.0
completed,llm_http,qwen3-0.6b,gpu,zero-shot,fixed,TIME,0,3,4,0.0,0.0,0.0
completed,llm_http,qwen3-0.6b,gpu,zero-shot,fixed,TITLE,0,29,153,0.0,0.0,0.0
completed,llm_http,qwen3-0.6b,gpu,zero-shot,fixed,WORK_OF_ART,0,2,158,0.0,0.0,0.0
completed,llm_http,qwen3-1.7b,gpu,one-shot,1771,CARDINAL,3,43,237,0.06521739130434782,0.0125,0.020979020979020983
completed,llm_http,qwen3-1.7b,gpu,one-shot,1771,DATE,32,106,311,0.2318840579710145,0.09329446064139942,0.13305613305613304
completed,llm_http,qwen3-1.7b,gpu,one-shot,1771,EVENT,0,122,95,0.0,0.0,0.0
completed,llm_http,qwen3-1.7b,gpu,one-shot,1771,FAC,0,2,46,0.0,0.0,0.0
completed,llm_http,qwen3-1.7b,gpu,one-shot,1771,GPE,11,253,555,0.041666666666666664,0.019434628975265017,0.02650602409638554
completed,llm_http,qwen3-1.7b,gpu,one-shot,1771,LANGUAGE,0,11,29,0.0,0.0,0.0
completed,llm_http,qwen3-1.7b,gpu,one-shot,1771,LAW,0,0,6,0.0,0.0,0.0
completed,llm_http,qwen3-1.7b,gpu,one-shot,1771,LOC,3,187,47,0.015789473684210527,0.06,0.025
completed,llm_http,qwen3-1.7b,gpu,one-shot,1771,MONEY,1,7,4,0.125,0.2,0.15384615384615385
completed,llm_http,qwen3-1.7b,gpu,one-shot,1771,NORP,4,13,208,0.23529411764705882,0.018867924528301886,0.03493449781659389
completed,llm_http,qwen3-1.7b,gpu,one-shot,1771,ORDINAL,0,88,104,0.0,0.0,0.0
completed,llm_http,qwen3-1.7b,gpu,one-shot,1771,ORG,8,295,242,0.026402640264026403,0.032,0.028933092224231464
completed,llm_http,qwen3-1.7b,gpu,one-shot,1771,PERCENT,0,76,4,0.0,0.0,0.0
completed,llm_http,qwen3-1.7b,gpu,one-shot,1771,PERSON,120,445,534,0.21238938053097345,0.1834862385321101,0.19688269073010664
completed,llm_http,qwen3-1.7b,gpu,one-shot,1771,PRODUCT,2,23,59,0.08,0.03278688524590164,0.046511627906976744
completed,llm_http,qwen3-1.7b,gpu,one-shot,1771,QUANTITY,2,25,34,0.07407407407407407,0.05555555555555555,0.06349206349206349
completed,llm_http,qwen3-1.7b,gpu,one-shot,1771,TIME,0,99,4,0.0,0.0,0.0
completed,llm_http,qwen3-1.7b,gpu,one-shot,1771,TITLE,2,34,151,0.05555555555555555,0.013071895424836602,0.021164021164021166
completed,llm_http,qwen3-1.7b,gpu,one-shot,1771,WORK_OF_ART,7,219,151,0.030973451327433628,0.04430379746835443,0.03645833333333333
completed,llm_http,qwen3-1.7b,gpu,one-shot,2401,CARDINAL,18,75,222,0.1935483870967742,0.075,0.1081081081081081
completed,llm_http,qwen3-1.7b,gpu,one-shot,2401,DATE,30,233,313,0.11406844106463879,0.08746355685131195,0.09900990099009901
completed,llm_http,qwen3-1.7b,gpu,one-shot,2401,EVENT,1,124,94,0.008,0.010526315789473684,0.009090909090909092
completed,llm_http,qwen3-1.7b,gpu,one-shot,2401,FAC,0,4,46,0.0,0.0,0.0
completed,llm_http,qwen3-1.7b,gpu,one-shot,2401,GPE,48,267,518,0.1523809523809524,0.08480565371024736,0.10896708286038594
completed,llm_http,qwen3-1.7b,gpu,one-shot,2401,LANGUAGE,0,53,29,0.0,0.0,0.0
completed,llm_http,qwen3-1.7b,gpu,one-shot,2401,LAW,0,0,6,0.0,0.0,0.0
completed,llm_http,qwen3-1.7b,gpu,one-shot,2401,LOC,1,245,49,0.0040650406504065045,0.02,0.006756756756756757
completed,llm_http,qwen3-1.7b,gpu,one-shot,2401,MONEY,0,26,5,0.0,0.0,0.0
completed,llm_http,qwen3-1.7b,gpu,one-shot,2401,NORP,11,47,201,0.1896551724137931,0.05188679245283019,0.08148148148148149
completed,llm_http,qwen3-1.7b,gpu,one-shot,2401,ORDINAL,3,112,101,0.02608695652173913,0.028846153846153848,0.027397260273972605
completed,llm_http,qwen3-1.7b,gpu,one-shot,2401,ORG,22,356,228,0.0582010582010582,0.088,0.07006369426751592
completed,llm_http,qwen3-1.7b,gpu,one-shot,2401,PERCENT,0,100,4,0.0,0.0,0.0
completed,llm_http,qwen3-1.7b,gpu,one-shot,2401,PERSON,118,369,536,0.24229979466119098,0.18042813455657492,0.20683610867659946
completed,llm_http,qwen3-1.7b,gpu,one-shot,2401,PRODUCT,2,20,59,0.09090909090909091,0.03278688524590164,0.04819277108433735
completed,llm_http,qwen3-1.7b,gpu,one-shot,2401,QUANTITY,3,45,33,0.0625,0.08333333333333333,0.07142857142857144
completed,llm_http,qwen3-1.7b,gpu,one-shot,2401,TIME,1,137,3,0.007246376811594203,0.25,0.014084507042253523
completed,llm_http,qwen3-1.7b,gpu,one-shot,2401,TITLE,3,41,150,0.06818181818181818,0.0196078431372549,0.030456852791878174
completed,llm_http,qwen3-1.7b,gpu,one-shot,2401,WORK_OF_ART,9,297,149,0.029411764705882353,0.056962025316455694,0.038793103448275856
completed,llm_http,qwen3-1.7b,gpu,one-shot,42,CARDINAL,11,81,229,0.11956521739130435,0.04583333333333333,0.06626506024096385
completed,llm_http,qwen3-1.7b,gpu,one-shot,42,DATE,14,138,329,0.09210526315789473,0.04081632653061224,0.056565656565656555
completed,llm_http,qwen3-1.7b,gpu,one-shot,42,EVENT,0,66,95,0.0,0.0,0.0
completed,llm_http,qwen3-1.7b,gpu,one-shot,42,FAC,0,2,46,0.0,0.0,0.0
completed,llm_http,qwen3-1.7b,gpu,one-shot,42,GPE,61,294,505,0.17183098591549295,0.10777385159010601,0.13246471226927253
completed,llm_http,qwen3-1.7b,gpu,one-shot,42,LANGUAGE,3,33,26,0.08333333333333333,0.10344827586206896,0.09230769230769231
completed,llm_http,qwen3-1.7b,gpu,one-shot,42,LAW,0,0,6,0.0,0.0,0.0
completed,llm_http,qwen3-1.7b,gpu,one-shot,42,LOC,0,244,50,0.0,0.0,0.0
completed,llm_http,qwen3-1.7b,gpu,one-shot,42,MONEY,0,8,5,0.0,0.0,0.0
completed,llm_http,qwen3-1.7b,gpu,one-shot,42,NORP,12,26,200,0.3157894736842105,0.05660377358490566,0.096
completed,llm_http,qwen3-1.7b,gpu,one-shot,42,ORDINAL,2,114,102,0.017241379310344827,0.019230769230769232,0.018181818181818184
completed,llm_http,qwen3-1.7b,gpu,one-shot,42,ORG,13,204,237,0.059907834101382486,0.052,0.055674518201284794
completed,llm_http,qwen3-1.7b,gpu,one-shot,42,PERCENT,0,40,4,0.0,0.0,0.0
completed,llm_http,qwen3-1.7b,gpu,one-shot,42,PERSON,165,673,489,0.19689737470167065,0.25229357798165136,0.2211796246648794
completed,llm_http,qwen3-1.7b,gpu,one-shot,42,PRODUCT,1,28,60,0.034482758620689655,0.01639344262295082,0.022222222222222223
completed,llm_http,qwen3-1.7b,gpu,one-shot,42,QUANTITY,0,13,36,0.0,0.0,0.0
completed,llm_http,qwen3-1.7b,gpu,one-shot,42,TIME,1,99,3,0.01,0.25,0.019230769230769232
completed,llm_http,qwen3-1.7b,gpu,one-shot,42,TITLE,1,28,152,0.034482758620689655,0.006535947712418301,0.01098901098901099
completed,llm_http,qwen3-1.7b,gpu,one-shot,42,WORK_OF_ART,7,255,151,0.026717557251908396,0.04430379746835443,0.03333333333333333
completed,llm_http,qwen3-1.7b,gpu,three-shot,1771,CARDINAL,5,69,235,0.06756756756756757,0.020833333333333332,0.03184713375796178
completed,llm_http,qwen3-1.7b,gpu,three-shot,1771,DATE,62,193,281,0.24313725490196078,0.18075801749271136,0.20735785953177255
completed,llm_http,qwen3-1.7b,gpu,three-shot,1771,EVENT,6,265,89,0.02214022140221402,0.06315789473684211,0.032786885245901634
completed,llm_http,qwen3-1.7b,gpu,three-shot,1771,FAC,0,1,46,0.0,0.0,0.0
completed,llm_http,qwen3-1.7b,gpu,three-shot,1771,GPE,19,217,547,0.08050847457627118,0.03356890459363958,0.04738154613466334
completed,llm_http,qwen3-1.7b,gpu,three-shot,1771,LANGUAGE,3,29,26,0.09375,0.10344827586206896,0.09836065573770493
completed,llm_http,qwen3-1.7b,gpu,three-shot,1771,LAW,0,0,6,0.0,0.0,0.0
completed,llm_http,qwen3-1.7b,gpu,three-shot,1771,LOC,3,349,47,0.008522727272727272,0.06,0.014925373134328358
completed,llm_http,qwen3-1.7b,gpu,three-shot,1771,MONEY,0,26,5,0.0,0.0,0.0
completed,llm_http,qwen3-1.7b,gpu,three-shot,1771,NORP,8,88,204,0.08333333333333333,0.03773584905660377,0.051948051948051945
completed,llm_http,qwen3-1.7b,gpu,three-shot,1771,ORDINAL,1,119,103,0.008333333333333333,0.009615384615384616,0.00892857142857143
completed,llm_http,qwen3-1.7b,gpu,three-shot,1771,ORG,31,256,219,0.10801393728222997,0.124,0.1154562383612663
completed,llm_http,qwen3-1.7b,gpu,three-shot,1771,PERCENT,0,143,4,0.0,0.0,0.0
completed,llm_http,qwen3-1.7b,gpu,three-shot,1771,PERSON,175,719,479,0.19574944071588368,0.26758409785932724,0.2260981912144703
completed,llm_http,qwen3-1.7b,gpu,three-shot,1771,PRODUCT,9,66,52,0.12,0.14754098360655737,0.1323529411764706
completed,llm_http,qwen3-1.7b,gpu,three-shot,1771,QUANTITY,4,117,32,0.03305785123966942,0.1111111111111111,0.050955414012738856
completed,llm_http,qwen3-1.7b,gpu,three-shot,1771,TIME,1,120,3,0.008264462809917356,0.25,0.016000000000000004
completed,llm_http,qwen3-1.7b,gpu,three-shot,1771,TITLE,6,67,147,0.0821917808219178,0.0392156862745098,0.05309734513274336
completed,llm_http,qwen3-1.7b,gpu,three-shot,1771,WORK_OF_ART,14,421,144,0.03218390804597701,0.08860759493670886,0.047217537942664416
completed,llm_http,qwen3-1.7b,gpu,three-shot,2401,CARDINAL,13,53,227,0.19696969696969696,0.05416666666666667,0.08496732026143791
completed,llm_http,qwen3-1.7b,gpu,three-shot,2401,DATE,44,236,299,0.15714285714285714,0.1282798833819242,0.14125200642054575
completed,llm_http,qwen3-1.7b,gpu,three-shot,2401,EVENT,2,178,93,0.011111111111111112,0.021052631578947368,0.014545454545454547
completed,llm_http,qwen3-1.7b,gpu,three-shot,2401,FAC,0,3,46,0.0,0.0,0.0
completed,llm_http,qwen3-1.7b,gpu,three-shot,2401,GPE,57,389,509,0.12780269058295965,0.10070671378091872,0.11264822134387352
completed,llm_http,qwen3-1.7b,gpu,three-shot,2401,LANGUAGE,3,45,26,0.0625,0.10344827586206896,0.07792207792207793
completed,llm_http,qwen3-1.7b,gpu,three-shot,2401,LAW,0,0,6,0.0,0.0,0.0
completed,llm_http,qwen3-1.7b,gpu,three-shot,2401,LOC,2,353,48,0.005633802816901409,0.04,0.009876543209876543
completed,llm_http,qwen3-1.7b,gpu,three-shot,2401,MONEY,1,52,4,0.018867924528301886,0.2,0.034482758620689655
completed,llm_http,qwen3-1.7b,gpu,three-shot,2401,NORP,17,85,195,0.16666666666666666,0.08018867924528301,0.10828025477707005
completed,llm_http,qwen3-1.7b,gpu,three-shot,2401,ORDINAL,9,133,95,0.06338028169014084,0.08653846153846154,0.07317073170731707
completed,llm_http,qwen3-1.7b,gpu,three-shot,2401,ORG,34,515,216,0.061930783242258654,0.136,0.0851063829787234
completed,llm_http,qwen3-1.7b,gpu,three-shot,2401,PERCENT,0,91,4,0.0,0.0,0.0
completed,llm_http,qwen3-1.7b,gpu,three-shot,2401,PERSON,137,235,517,0.3682795698924731,0.20948012232415902,0.26705653021442494
completed,llm_http,qwen3-1.7b,gpu,three-shot,2401,PRODUCT,2,30,59,0.0625,0.03278688524590164,0.04301075268817204
completed,llm_http,qwen3-1.7b,gpu,three-shot,2401,QUANTITY,8,104,28,0.07142857142857142,0.2222222222222222,0.10810810810810811
completed,llm_http,qwen3-1.7b,gpu,three-shot,2401,TIME,1,129,3,0.007692307692307693,0.25,0.014925373134328361
completed,llm_http,qwen3-1.7b,gpu,three-shot,2401,TITLE,18,175,135,0.09326424870466321,0.11764705882352941,0.10404624277456648
completed,llm_http,qwen3-1.7b,gpu,three-shot,2401,WORK_OF_ART,14,465,144,0.029227557411273485,0.08860759493670886,0.04395604395604395
completed,llm_http,qwen3-1.7b,gpu,three-shot,42,CARDINAL,13,64,227,0.16883116883116883,0.05416666666666667,0.08201892744479496
completed,llm_http,qwen3-1.7b,gpu,three-shot,42,DATE,25,172,318,0.12690355329949238,0.0728862973760933,0.09259259259259259
completed,llm_http,qwen3-1.7b,gpu,three-shot,42,EVENT,0,111,95,0.0,0.0,0.0
completed,llm_http,qwen3-1.7b,gpu,three-shot,42,FAC,0,8,46,0.0,0.0,0.0
completed,llm_http,qwen3-1.7b,gpu,three-shot,42,GPE,91,351,475,0.20588235294117646,0.1607773851590106,0.18055555555555558
completed,llm_http,qwen3-1.7b,gpu,three-shot,42,LANGUAGE,6,75,23,0.07407407407407407,0.20689655172413793,0.1090909090909091
completed,llm_http,qwen3-1.7b,gpu,three-shot,42,LAW,0,0,6,0.0,0.0,0.0
completed,llm_http,qwen3-1.7b,gpu,three-shot,42,LOC,4,406,46,0.00975609756097561,0.08,0.017391304347826087
completed,llm_http,qwen3-1.7b,gpu,three-shot,42,MONEY,0,16,5,0.0,0.0,0.0
completed,llm_http,qwen3-1.7b,gpu,three-shot,42,NORP,7,33,205,0.175,0.0330188679245283,0.05555555555555556
completed,llm_http,qwen3-1.7b,gpu,three-shot,42,ORDINAL,7,162,97,0.04142011834319527,0.0673076923076923,0.05128205128205129
completed,llm_http,qwen3-1.7b,gpu,three-shot,42,ORG,9,284,241,0.030716723549488054,0.036,0.03314917127071823
completed,llm_http,qwen3-1.7b,gpu,three-shot,42,PERCENT,0,74,4,0.0,0.0,0.0
completed,llm_http,qwen3-1.7b,gpu,three-shot,42,PERSON,226,685,428,0.24807903402854006,0.345565749235474,0.2888178913738019
completed,llm_http,qwen3-1.7b,gpu,three-shot,42,PRODUCT,3,42,58,0.06666666666666667,0.04918032786885246,0.05660377358490566
completed,llm_http,qwen3-1.7b,gpu,three-shot,42,QUANTITY,0,67,36,0.0,0.0,0.0
completed,llm_http,qwen3-1.7b,gpu,three-shot,42,TIME,0,177,4,0.0,0.0,0.0
completed,llm_http,qwen3-1.7b,gpu,three-shot,42,TITLE,0,47,153,0.0,0.0,0.0
completed,llm_http,qwen3-1.7b,gpu,three-shot,42,WORK_OF_ART,9,702,149,0.012658227848101266,0.056962025316455694,0.020713463751438437
completed,llm_http,qwen3-1.7b,gpu,zero-shot,fixed,CARDINAL,5,59,235,0.078125,0.020833333333333332,0.03289473684210526
completed,llm_http,qwen3-1.7b,gpu,zero-shot,fixed,DATE,4,90,339,0.0425531914893617,0.011661807580174927,0.01830663615560641
completed,llm_http,qwen3-1.7b,gpu,zero-shot,fixed,EVENT,0,37,95,0.0,0.0,0.0
completed,llm_http,qwen3-1.7b,gpu,zero-shot,fixed,FAC,0,1,46,0.0,0.0,0.0
completed,llm_http,qwen3-1.7b,gpu,zero-shot,fixed,GPE,4,203,562,0.01932367149758454,0.007067137809187279,0.01034928848641656
completed,llm_http,qwen3-1.7b,gpu,zero-shot,fixed,LANGUAGE,0,11,29,0.0,0.0,0.0
completed,llm_http,qwen3-1.7b,gpu,zero-shot,fixed,LAW,0,0,6,0.0,0.0,0.0
completed,llm_http,qwen3-1.7b,gpu,zero-shot,fixed,LOC,1,135,49,0.007352941176470588,0.02,0.010752688172043012
completed,llm_http,qwen3-1.7b,gpu,zero-shot,fixed,MONEY,0,9,5,0.0,0.0,0.0
completed,llm_http,qwen3-1.7b,gpu,zero-shot,fixed,NORP,3,9,209,0.25,0.014150943396226415,0.026785714285714288
completed,llm_http,qwen3-1.7b,gpu,zero-shot,fixed,ORDINAL,1,44,103,0.022222222222222223,0.009615384615384616,0.013422818791946312
completed,llm_http,qwen3-1.7b,gpu,zero-shot,fixed,ORG,10,152,240,0.06172839506172839,0.04,0.04854368932038835
completed,llm_http,qwen3-1.7b,gpu,zero-shot,fixed,PERCENT,0,17,4,0.0,0.0,0.0
completed,llm_http,qwen3-1.7b,gpu,zero-shot,fixed,PERSON,65,368,589,0.15011547344110854,0.09938837920489296,0.11959521619135234
completed,llm_http,qwen3-1.7b,gpu,zero-shot,fixed,PRODUCT,2,27,59,0.06896551724137931,0.03278688524590164,0.044444444444444446
completed,llm_http,qwen3-1.7b,gpu,zero-shot,fixed,QUANTITY,0,6,36,0.0,0.0,0.0
completed,llm_http,qwen3-1.7b,gpu,zero-shot,fixed,TIME,0,52,4,0.0,0.0,0.0
completed,llm_http,qwen3-1.7b,gpu,zero-shot,fixed,TITLE,1,42,152,0.023255813953488372,0.006535947712418301,0.010204081632653062
completed,llm_http,qwen3-1.7b,gpu,zero-shot,fixed,WORK_OF_ART,1,127,157,0.0078125,0.006329113924050633,0.006993006993006993
completed,llm_http,qwen3-14b,gpu,one-shot,1771,CARDINAL,74,112,166,0.3978494623655914,0.30833333333333335,0.3474178403755869
completed,llm_http,qwen3-14b,gpu,one-shot,1771,DATE,114,210,229,0.35185185185185186,0.3323615160349854,0.34182908545727136
completed,llm_http,qwen3-14b,gpu,one-shot,1771,EVENT,27,52,68,0.34177215189873417,0.28421052631578947,0.31034482758620685
completed,llm_http,qwen3-14b,gpu,one-shot,1771,FAC,15,46,31,0.2459016393442623,0.32608695652173914,0.28037383177570097
completed,llm_http,qwen3-14b,gpu,one-shot,1771,GPE,199,193,367,0.5076530612244898,0.35159010600706714,0.4154488517745303
completed,llm_http,qwen3-14b,gpu,one-shot,1771,LANGUAGE,7,15,22,0.3181818181818182,0.2413793103448276,0.27450980392156865
completed,llm_http,qwen3-14b,gpu,one-shot,1771,LAW,0,0,6,0.0,0.0,0.0
completed,llm_http,qwen3-14b,gpu,one-shot,1771,LOC,12,178,38,0.06315789473684211,0.24,0.1
completed,llm_http,qwen3-14b,gpu,one-shot,1771,MONEY,2,4,3,0.3333333333333333,0.4,0.3636363636363636
completed,llm_http,qwen3-14b,gpu,one-shot,1771,NORP,38,19,174,0.6666666666666666,0.1792452830188679,0.2825278810408922
completed,llm_http,qwen3-14b,gpu,one-shot,1771,ORDINAL,32,20,72,0.6153846153846154,0.3076923076923077,0.4102564102564103
completed,llm_http,qwen3-14b,gpu,one-shot,1771,ORG,106,219,144,0.3261538461538461,0.424,0.368695652173913
completed,llm_http,qwen3-14b,gpu,one-shot,1771,PERCENT,2,2,2,0.5,0.5,0.5
completed,llm_http,qwen3-14b,gpu,one-shot,1771,PERSON,418,185,236,0.693200663349917,0.6391437308868502,0.6650755767700874
completed,llm_http,qwen3-14b,gpu,one-shot,1771,PRODUCT,20,54,41,0.2702702702702703,0.32786885245901637,0.2962962962962963
completed,llm_http,qwen3-14b,gpu,one-shot,1771,QUANTITY,9,21,27,0.3,0.25,0.2727272727272727
completed,llm_http,qwen3-14b,gpu,one-shot,1771,TIME,3,11,1,0.21428571428571427,0.75,0.3333333333333333
completed,llm_http,qwen3-14b,gpu,one-shot,1771,TITLE,13,36,140,0.2653061224489796,0.08496732026143791,0.12871287128712872
completed,llm_http,qwen3-14b,gpu,one-shot,1771,WORK_OF_ART,53,72,105,0.424,0.33544303797468356,0.3745583038869258
completed,llm_http,qwen3-14b,gpu,one-shot,2401,CARDINAL,70,85,170,0.45161290322580644,0.2916666666666667,0.35443037974683544
completed,llm_http,qwen3-14b,gpu,one-shot,2401,DATE,189,161,154,0.54,0.5510204081632653,0.5454545454545455
completed,llm_http,qwen3-14b,gpu,one-shot,2401,EVENT,34,60,61,0.3617021276595745,0.35789473684210527,0.3597883597883599
completed,llm_http,qwen3-14b,gpu,one-shot,2401,FAC,15,19,31,0.4411764705882353,0.32608695652173914,0.375
completed,llm_http,qwen3-14b,gpu,one-shot,2401,GPE,241,185,325,0.5657276995305164,0.42579505300353354,0.4858870967741935
completed,llm_http,qwen3-14b,gpu,one-shot,2401,LANGUAGE,11,20,18,0.3548387096774194,0.3793103448275862,0.36666666666666664
completed,llm_http,qwen3-14b,gpu,one-shot,2401,LAW,0,1,6,0.0,0.0,0.0
completed,llm_http,qwen3-14b,gpu,one-shot,2401,LOC,16,120,34,0.11764705882352941,0.32,0.17204301075268819
completed,llm_http,qwen3-14b,gpu,one-shot,2401,MONEY,2,3,3,0.4,0.4,0.4000000000000001
completed,llm_http,qwen3-14b,gpu,one-shot,2401,NORP,55,40,157,0.5789473684210527,0.25943396226415094,0.3583061889250815
completed,llm_http,qwen3-14b,gpu,one-shot,2401,ORDINAL,24,26,80,0.48,0.23076923076923078,0.3116883116883117
completed,llm_http,qwen3-14b,gpu,one-shot,2401,ORG,129,196,121,0.39692307692307693,0.516,0.44869565217391305
completed,llm_http,qwen3-14b,gpu,one-shot,2401,PERCENT,2,3,2,0.4,0.5,0.4444444444444445
completed,llm_http,qwen3-14b,gpu,one-shot,2401,PERSON,391,178,263,0.687170474516696,0.5978593272171254,0.6394112837285364
completed,llm_http,qwen3-14b,gpu,one-shot,2401,PRODUCT,10,27,51,0.2702702702702703,0.16393442622950818,0.20408163265306126
completed,llm_http,qwen3-14b,gpu,one-shot,2401,QUANTITY,11,23,25,0.3235294117647059,0.3055555555555556,0.31428571428571433
completed,llm_http,qwen3-14b,gpu,one-shot,2401,TIME,2,16,2,0.1111111111111111,0.5,0.1818181818181818
completed,llm_http,qwen3-14b,gpu,one-shot,2401,TITLE,18,36,135,0.3333333333333333,0.11764705882352941,0.1739130434782609
completed,llm_http,qwen3-14b,gpu,one-shot,2401,WORK_OF_ART,41,91,117,0.3106060606060606,0.25949367088607594,0.2827586206896552
completed,llm_http,qwen3-14b,gpu,one-shot,42,CARDINAL,94,123,146,0.43317972350230416,0.39166666666666666,0.41137855579868704
completed,llm_http,qwen3-14b,gpu,one-shot,42,DATE,71,261,272,0.21385542168674698,0.20699708454810495,0.21037037037037037
completed,llm_http,qwen3-14b,gpu,one-shot,42,EVENT,8,65,87,0.1095890410958904,0.08421052631578947,0.09523809523809523
completed,llm_http,qwen3-14b,gpu,one-shot,42,FAC,7,53,39,0.11666666666666667,0.15217391304347827,0.13207547169811318
completed,llm_http,qwen3-14b,gpu,one-shot,42,GPE,242,227,324,0.5159914712153518,0.4275618374558304,0.4676328502415458
completed,llm_http,qwen3-14b,gpu,one-shot,42,LANGUAGE,9,14,20,0.391304347826087,0.3103448275862069,0.34615384615384615
completed,llm_http,qwen3-14b,gpu,one-shot,42,LAW,1,0,5,1.0,0.16666666666666666,0.2857142857142857
completed,llm_http,qwen3-14b,gpu,one-shot,42,LOC,5,216,45,0.02262443438914027,0.1,0.03690036900369004
completed,llm_http,qwen3-14b,gpu,one-shot,42,MONEY,1,1,4,0.5,0.2,0.28571428571428575
completed,llm_http,qwen3-14b,gpu,one-shot,42,NORP,53,34,159,0.6091954022988506,0.25,0.35451505016722407
completed,llm_http,qwen3-14b,gpu,one-shot,42,ORDINAL,27,26,77,0.5094339622641509,0.25961538461538464,0.3439490445859873
completed,llm_http,qwen3-14b,gpu,one-shot,42,ORG,82,216,168,0.2751677852348993,0.328,0.2992700729927007
completed,llm_http,qwen3-14b,gpu,one-shot,42,PERCENT,2,2,2,0.5,0.5,0.5
completed,llm_http,qwen3-14b,gpu,one-shot,42,PERSON,344,449,310,0.4337957124842371,0.5259938837920489,0.4754664823773324
completed,llm_http,qwen3-14b,gpu,one-shot,42,PRODUCT,21,28,40,0.42857142857142855,0.3442622950819672,0.38181818181818183
completed,llm_http,qwen3-14b,gpu,one-shot,42,QUANTITY,4,19,32,0.17391304347826086,0.1111111111111111,0.13559322033898305
completed,llm_http,qwen3-14b,gpu,one-shot,42,TIME,3,3,1,0.5,0.75,0.6
completed,llm_http,qwen3-14b,gpu,one-shot,42,TITLE,13,66,140,0.16455696202531644,0.08496732026143791,0.11206896551724138
completed,llm_http,qwen3-14b,gpu,one-shot,42,WORK_OF_ART,46,72,112,0.3898305084745763,0.2911392405063291,0.3333333333333333
completed,llm_http,qwen3-14b,gpu,three-shot,1771,CARDINAL,78,121,162,0.39195979899497485,0.325,0.35535307517084286
completed,llm_http,qwen3-14b,gpu,three-shot,1771,DATE,154,214,189,0.41847826086956524,0.4489795918367347,0.43319268635724334
completed,llm_http,qwen3-14b,gpu,three-shot,1771,EVENT,37,93,58,0.2846153846153846,0.3894736842105263,0.3288888888888889
completed,llm_http,qwen3-14b,gpu,three-shot,1771,FAC,12,43,34,0.21818181818181817,0.2608695652173913,0.2376237623762376
completed,llm_http,qwen3-14b,gpu,three-shot,1771,GPE,208,131,358,0.6135693215339233,0.3674911660777385,0.45966850828729283
completed,llm_http,qwen3-14b,gpu,three-shot,1771,LANGUAGE,8,15,21,0.34782608695652173,0.27586206896551724,0.3076923076923077
completed,llm_http,qwen3-14b,gpu,three-shot,1771,LAW,1,1,5,0.5,0.16666666666666666,0.25
completed,llm_http,qwen3-14b,gpu,three-shot,1771,LOC,19,235,31,0.07480314960629922,0.38,0.12500000000000003
completed,llm_http,qwen3-14b,gpu,three-shot,1771,MONEY,2,3,3,0.4,0.4,0.4000000000000001
completed,llm_http,qwen3-14b,gpu,three-shot,1771,NORP,85,42,127,0.6692913385826772,0.4009433962264151,0.5014749262536873
completed,llm_http,qwen3-14b,gpu,three-shot,1771,ORDINAL,25,22,79,0.5319148936170213,0.2403846153846154,0.3311258278145695
completed,llm_http,qwen3-14b,gpu,three-shot,1771,ORG,143,166,107,0.4627831715210356,0.572,0.5116279069767441
completed,llm_http,qwen3-14b,gpu,three-shot,1771,PERCENT,2,3,2,0.4,0.5,0.4444444444444445
completed,llm_http,qwen3-14b,gpu,three-shot,1771,PERSON,493,214,161,0.6973125884016973,0.753822629969419,0.7244673034533431
completed,llm_http,qwen3-14b,gpu,three-shot,1771,PRODUCT,25,46,36,0.352112676056338,0.4098360655737705,0.3787878787878788
completed,llm_http,qwen3-14b,gpu,three-shot,1771,QUANTITY,12,23,24,0.34285714285714286,0.3333333333333333,0.3380281690140845
completed,llm_http,qwen3-14b,gpu,three-shot,1771,TIME,3,11,1,0.21428571428571427,0.75,0.3333333333333333
completed,llm_http,qwen3-14b,gpu,three-shot,1771,TITLE,48,86,105,0.3582089552238806,0.3137254901960784,0.3344947735191638
completed,llm_http,qwen3-14b,gpu,three-shot,1771,WORK_OF_ART,62,89,96,0.4105960264900662,0.3924050632911392,0.401294498381877
completed,llm_http,qwen3-14b,gpu,three-shot,2401,CARDINAL,91,128,149,0.4155251141552511,0.37916666666666665,0.39651416122004357
completed,llm_http,qwen3-14b,gpu,three-shot,2401,DATE,189,152,154,0.5542521994134897,0.5510204081632653,0.5526315789473684
completed,llm_http,qwen3-14b,gpu,three-shot,2401,EVENT,33,93,62,0.2619047619047619,0.3473684210526316,0.29864253393665163
completed,llm_http,qwen3-14b,gpu,three-shot,2401,FAC,12,45,34,0.21052631578947367,0.2608695652173913,0.23300970873786409
completed,llm_http,qwen3-14b,gpu,three-shot,2401,GPE,292,144,274,0.6697247706422018,0.5159010600706714,0.5828343313373254
completed,llm_http,qwen3-14b,gpu,three-shot,2401,LANGUAGE,16,25,13,0.3902439024390244,0.5517241379310345,0.4571428571428572
completed,llm_http,qwen3-14b,gpu,three-shot,2401,LAW,1,1,5,0.5,0.16666666666666666,0.25
completed,llm_http,qwen3-14b,gpu,three-shot,2401,LOC,17,214,33,0.0735930735930736,0.34,0.12099644128113879
completed,llm_http,qwen3-14b,gpu,three-shot,2401,MONEY,3,3,2,0.5,0.6,0.5454545454545454
completed,llm_http,qwen3-14b,gpu,three-shot,2401,NORP,100,45,112,0.6896551724137931,0.4716981132075472,0.5602240896358543
completed,llm_http,qwen3-14b,gpu,three-shot,2401,ORDINAL,54,56,50,0.4909090909090909,0.5192307692307693,0.5046728971962617
completed,llm_http,qwen3-14b,gpu,three-shot,2401,ORG,142,243,108,0.36883116883116884,0.568,0.44724409448818897
completed,llm_http,qwen3-14b,gpu,three-shot,2401,PERCENT,2,3,2,0.4,0.5,0.4444444444444445
completed,llm_http,qwen3-14b,gpu,three-shot,2401,PERSON,440,156,214,0.738255033557047,0.672782874617737,0.704
completed,llm_http,qwen3-14b,gpu,three-shot,2401,PRODUCT,21,67,40,0.23863636363636365,0.3442622950819672,0.28187919463087246
completed,llm_http,qwen3-14b,gpu,three-shot,2401,QUANTITY,13,41,23,0.24074074074074073,0.3611111111111111,0.28888888888888886
completed,llm_http,qwen3-14b,gpu,three-shot,2401,TIME,3,21,1,0.125,0.75,0.21428571428571427
completed,llm_http,qwen3-14b,gpu,three-shot,2401,TITLE,50,89,103,0.3597122302158273,0.32679738562091504,0.34246575342465757
completed,llm_http,qwen3-14b,gpu,three-shot,2401,WORK_OF_ART,62,116,96,0.34831460674157305,0.3924050632911392,0.369047619047619
completed,llm_http,qwen3-14b,gpu,three-shot,42,CARDINAL,99,82,141,0.5469613259668509,0.4125,0.47030878859857483
completed,llm_http,qwen3-14b,gpu,three-shot,42,DATE,149,233,194,0.3900523560209424,0.43440233236151604,0.4110344827586207
completed,llm_http,qwen3-14b,gpu,three-shot,42,EVENT,19,50,76,0.2753623188405797,0.2,0.23170731707317074
completed,llm_http,qwen3-14b,gpu,three-shot,42,FAC,11,42,35,0.20754716981132076,0.2391304347826087,0.22222222222222224
completed,llm_http,qwen3-14b,gpu,three-shot,42,GPE,371,219,195,0.6288135593220339,0.6554770318021201,0.6418685121107266
completed,llm_http,qwen3-14b,gpu,three-shot,42,LANGUAGE,11,18,18,0.3793103448275862,0.3793103448275862,0.3793103448275862
completed,llm_http,qwen3-14b,gpu,three-shot,42,LAW,0,2,6,0.0,0.0,0.0
completed,llm_http,qwen3-14b,gpu,three-shot,42,LOC,10,126,40,0.07352941176470588,0.2,0.10752688172043011
completed,llm_http,qwen3-14b,gpu,three-shot,42,MONEY,2,2,3,0.5,0.4,0.4444444444444445
completed,llm_http,qwen3-14b,gpu,three-shot,42,NORP,54,41,158,0.5684210526315789,0.25471698113207547,0.35179153094462534
completed,llm_http,qwen3-14b,gpu,three-shot,42,ORDINAL,22,33,82,0.4,0.21153846153846154,0.27672955974842767
completed,llm_http,qwen3-14b,gpu,three-shot,42,ORG,118,235,132,0.3342776203966006,0.472,0.3913764510779436
completed,llm_http,qwen3-14b,gpu,three-shot,42,PERCENT,2,2,2,0.5,0.5,0.5
completed,llm_http,qwen3-14b,gpu,three-shot,42,PERSON,481,225,173,0.6813031161473088,0.735474006116208,0.7073529411764705
completed,llm_http,qwen3-14b,gpu,three-shot,42,PRODUCT,20,35,41,0.36363636363636365,0.32786885245901637,0.3448275862068965
completed,llm_http,qwen3-14b,gpu,three-shot,42,QUANTITY,9,19,27,0.32142857142857145,0.25,0.28125000000000006
completed,llm_http,qwen3-14b,gpu,three-shot,42,TIME,3,5,1,0.375,0.75,0.5
completed,llm_http,qwen3-14b,gpu,three-shot,42,TITLE,14,50,139,0.21875,0.0915032679738562,0.12903225806451613
completed,llm_http,qwen3-14b,gpu,three-shot,42,WORK_OF_ART,72,92,86,0.43902439024390244,0.45569620253164556,0.4472049689440994
completed,llm_http,qwen3-14b,gpu,zero-shot,fixed,CARDINAL,83,108,157,0.43455497382198954,0.3458333333333333,0.38515081206496526
completed,llm_http,qwen3-14b,gpu,zero-shot,fixed,DATE,72,238,271,0.23225806451612904,0.2099125364431487,0.22052067381316998
completed,llm_http,qwen3-14b,gpu,zero-shot,fixed,EVENT,9,58,86,0.13432835820895522,0.09473684210526316,0.1111111111111111
completed,llm_http,qwen3-14b,gpu,zero-shot,fixed,FAC,5,30,41,0.14285714285714285,0.10869565217391304,0.12345679012345678
completed,llm_http,qwen3-14b,gpu,zero-shot,fixed,GPE,195,246,371,0.4421768707482993,0.34452296819787986,0.3872889771598808
completed,llm_http,qwen3-14b,gpu,zero-shot,fixed,LANGUAGE,7,9,22,0.4375,0.2413793103448276,0.3111111111111111
completed,llm_http,qwen3-14b,gpu,zero-shot,fixed,LAW,0,0,6,0.0,0.0,0.0
completed,llm_http,qwen3-14b,gpu,zero-shot,fixed,LOC,2,186,48,0.010638297872340425,0.04,0.01680672268907563
completed,llm_http,qwen3-14b,gpu,zero-shot,fixed,MONEY,1,3,4,0.25,0.2,0.22222222222222224
completed,llm_http,qwen3-14b,gpu,zero-shot,fixed,NORP,54,27,158,0.6666666666666666,0.25471698113207547,0.3686006825938567
completed,llm_http,qwen3-14b,gpu,zero-shot,fixed,ORDINAL,30,23,74,0.5660377358490566,0.28846153846153844,0.38216560509554137
completed,llm_http,qwen3-14b,gpu,zero-shot,fixed,ORG,86,227,164,0.2747603833865815,0.344,0.30550621669627
completed,llm_http,qwen3-14b,gpu,zero-shot,fixed,PERCENT,2,3,2,0.4,0.5,0.4444444444444445
completed,llm_http,qwen3-14b,gpu,zero-shot,fixed,PERSON,372,371,282,0.5006729475100942,0.5688073394495413,0.5325697924123121
completed,llm_http,qwen3-14b,gpu,zero-shot,fixed,PRODUCT,7,33,54,0.175,0.11475409836065574,0.1386138613861386
completed,llm_http,qwen3-14b,gpu,zero-shot,fixed,QUANTITY,4,8,32,0.3333333333333333,0.1111111111111111,0.16666666666666666
completed,llm_http,qwen3-14b,gpu,zero-shot,fixed,TIME,1,11,3,0.08333333333333333,0.25,0.125
completed,llm_http,qwen3-14b,gpu,zero-shot,fixed,TITLE,9,65,144,0.12162162162162163,0.058823529411764705,0.07929515418502203
completed,llm_http,qwen3-14b,gpu,zero-shot,fixed,WORK_OF_ART,50,82,108,0.3787878787878788,0.31645569620253167,0.3448275862068966
completed,llm_http,qwen3-4b,gpu,one-shot,1771,CARDINAL,37,147,203,0.20108695652173914,0.15416666666666667,0.17452830188679247
completed,llm_http,qwen3-4b,gpu,one-shot,1771,DATE,19,277,324,0.06418918918918919,0.05539358600583091,0.0594679186228482
completed,llm_http,qwen3-4b,gpu,one-shot,1771,EVENT,1,305,94,0.0032679738562091504,0.010526315789473684,0.004987531172069825
completed,llm_http,qwen3-4b,gpu,one-shot,1771,FAC,1,9,45,0.1,0.021739130434782608,0.03571428571428571
completed,llm_http,qwen3-4b,gpu,one-shot,1771,GPE,81,591,485,0.12053571428571429,0.1431095406360424,0.1308562197092084
completed,llm_http,qwen3-4b,gpu,one-shot,1771,LANGUAGE,0,21,29,0.0,0.0,0.0
completed,llm_http,qwen3-4b,gpu,one-shot,1771,LAW,0,0,6,0.0,0.0,0.0
completed,llm_http,qwen3-4b,gpu,one-shot,1771,LOC,0,61,50,0.0,0.0,0.0
completed,llm_http,qwen3-4b,gpu,one-shot,1771,MONEY,0,12,5,0.0,0.0,0.0
completed,llm_http,qwen3-4b,gpu,one-shot,1771,NORP,6,114,206,0.05,0.02830188679245283,0.03614457831325301
completed,llm_http,qwen3-4b,gpu,one-shot,1771,ORDINAL,9,30,95,0.23076923076923078,0.08653846153846154,0.1258741258741259
completed,llm_http,qwen3-4b,gpu,one-shot,1771,ORG,33,391,217,0.07783018867924528,0.132,0.09792284866468842
completed,llm_http,qwen3-4b,gpu,one-shot,1771,PERCENT,0,3,4,0.0,0.0,0.0
completed,llm_http,qwen3-4b,gpu,one-shot,1771,PERSON,141,713,513,0.16510538641686182,0.21559633027522937,0.1870026525198939
completed,llm_http,qwen3-4b,gpu,one-shot,1771,PRODUCT,5,45,56,0.1,0.08196721311475409,0.09009009009009009
completed,llm_http,qwen3-4b,gpu,one-shot,1771,QUANTITY,3,73,33,0.039473684210526314,0.08333333333333333,0.05357142857142857
completed,llm_http,qwen3-4b,gpu,one-shot,1771,TIME,0,91,4,0.0,0.0,0.0
completed,llm_http,qwen3-4b,gpu,one-shot,1771,TITLE,4,48,149,0.07692307692307693,0.026143790849673203,0.03902439024390244
completed,llm_http,qwen3-4b,gpu,one-shot,1771,WORK_OF_ART,11,148,147,0.06918238993710692,0.06962025316455696,0.0694006309148265
completed,llm_http,qwen3-4b,gpu,one-shot,2401,CARDINAL,26,100,214,0.20634920634920634,0.10833333333333334,0.14207650273224043
completed,llm_http,qwen3-4b,gpu,one-shot,2401,DATE,6,333,337,0.017699115044247787,0.01749271137026239,0.01759530791788856
completed,llm_http,qwen3-4b,gpu,one-shot,2401,EVENT,8,238,87,0.032520325203252036,0.08421052631578947,0.04692082111436951
completed,llm_http,qwen3-4b,gpu,one-shot,2401,FAC,0,0,46,0.0,0.0,0.0
completed,llm_http,qwen3-4b,gpu,one-shot,2401,GPE,95,505,471,0.15833333333333333,0.16784452296819788,0.16295025728987994
completed,llm_http,qwen3-4b,gpu,one-shot,2401,LANGUAGE,3,54,26,0.05263157894736842,0.10344827586206896,0.06976744186046512
completed,llm_http,qwen3-4b,gpu,one-shot,2401,LAW,0,0,6,0.0,0.0,0.0
completed,llm_http,qwen3-4b,gpu,one-shot,2401,LOC,1,24,49,0.04,0.02,0.02666666666666667
completed,llm_http,qwen3-4b,gpu,one-shot,2401,MONEY,0,9,5,0.0,0.0,0.0
completed,llm_http,qwen3-4b,gpu,one-shot,2401,NORP,6,167,206,0.03468208092485549,0.02830188679245283,0.031168831168831165
completed,llm_http,qwen3-4b,gpu,one-shot,2401,ORDINAL,3,37,101,0.075,0.028846153846153848,0.04166666666666667
completed,llm_http,qwen3-4b,gpu,one-shot,2401,ORG,31,379,219,0.07560975609756097,0.124,0.09393939393939393
completed,llm_http,qwen3-4b,gpu,one-shot,2401,PERCENT,0,5,4,0.0,0.0,0.0
completed,llm_http,qwen3-4b,gpu,one-shot,2401,PERSON,144,546,510,0.20869565217391303,0.22018348623853212,0.21428571428571425
completed,llm_http,qwen3-4b,gpu,one-shot,2401,PRODUCT,10,52,51,0.16129032258064516,0.16393442622950818,0.16260162601626016
completed,llm_http,qwen3-4b,gpu,one-shot,2401,QUANTITY,7,64,29,0.09859154929577464,0.19444444444444445,0.1308411214953271
completed,llm_http,qwen3-4b,gpu,one-shot,2401,TIME,0,64,4,0.0,0.0,0.0
completed,llm_http,qwen3-4b,gpu,one-shot,2401,TITLE,4,78,149,0.04878048780487805,0.026143790849673203,0.03404255319148936
completed,llm_http,qwen3-4b,gpu,one-shot,2401,WORK_OF_ART,10,95,148,0.09523809523809523,0.06329113924050633,0.07604562737642585
completed,llm_http,qwen3-4b,gpu,one-shot,42,CARDINAL,47,151,193,0.23737373737373738,0.19583333333333333,0.2146118721461187
completed,llm_http,qwen3-4b,gpu,one-shot,42,DATE,17,254,326,0.06273062730627306,0.04956268221574344,0.05537459283387622
completed,llm_http,qwen3-4b,gpu,one-shot,42,EVENT,0,149,95,0.0,0.0,0.0
completed,llm_http,qwen3-4b,gpu,one-shot,42,FAC,0,1,46,0.0,0.0,0.0
completed,llm_http,qwen3-4b,gpu,one-shot,42,GPE,201,569,365,0.261038961038961,0.3551236749116608,0.3008982035928144
completed,llm_http,qwen3-4b,gpu,one-shot,42,LANGUAGE,7,27,22,0.20588235294117646,0.2413793103448276,0.22222222222222224
completed,llm_http,qwen3-4b,gpu,one-shot,42,LAW,0,0,6,0.0,0.0,0.0
completed,llm_http,qwen3-4b,gpu,one-shot,42,LOC,0,11,50,0.0,0.0,0.0
completed,llm_http,qwen3-4b,gpu,one-shot,42,MONEY,0,7,5,0.0,0.0,0.0
completed,llm_http,qwen3-4b,gpu,one-shot,42,NORP,19,71,193,0.2111111111111111,0.08962264150943396,0.1258278145695364
completed,llm_http,qwen3-4b,gpu,one-shot,42,ORDINAL,8,22,96,0.26666666666666666,0.07692307692307693,0.11940298507462686
completed,llm_http,qwen3-4b,gpu,one-shot,42,ORG,29,376,221,0.07160493827160494,0.116,0.08854961832061069
completed,llm_http,qwen3-4b,gpu,one-shot,42,PERCENT,1,3,3,0.25,0.25,0.25
completed,llm_http,qwen3-4b,gpu,one-shot,42,PERSON,248,681,406,0.26695371367061355,0.37920489296636084,0.31332912192040424
completed,llm_http,qwen3-4b,gpu,one-shot,42,PRODUCT,8,41,53,0.16326530612244897,0.13114754098360656,0.14545454545454545
completed,llm_http,qwen3-4b,gpu,one-shot,42,QUANTITY,3,41,33,0.06818181818181818,0.08333333333333333,0.075
completed,llm_http,qwen3-4b,gpu,one-shot,42,TIME,0,50,4,0.0,0.0,0.0
completed,llm_http,qwen3-4b,gpu,one-shot,42,TITLE,9,34,144,0.20930232558139536,0.058823529411764705,0.09183673469387756
completed,llm_http,qwen3-4b,gpu,one-shot,42,WORK_OF_ART,6,121,152,0.047244094488188976,0.0379746835443038,0.04210526315789473
completed,llm_http,qwen3-4b,gpu,three-shot,1771,CARDINAL,27,103,213,0.2076923076923077,0.1125,0.14594594594594595
completed,llm_http,qwen3-4b,gpu,three-shot,1771,DATE,49,297,294,0.1416184971098266,0.14285714285714285,0.14223512336719885
completed,llm_http,qwen3-4b,gpu,three-shot,1771,EVENT,11,390,84,0.02743142144638404,0.11578947368421053,0.04435483870967742
completed,llm_http,qwen3-4b,gpu,three-shot,1771,FAC,1,3,45,0.25,0.021739130434782608,0.04
completed,llm_http,qwen3-4b,gpu,three-shot,1771,GPE,130,438,436,0.22887323943661972,0.22968197879858657,0.22927689594356263
completed,llm_http,qwen3-4b,gpu,three-shot,1771,LANGUAGE,3,24,26,0.1111111111111111,0.10344827586206896,0.10714285714285715
completed,llm_http,qwen3-4b,gpu,three-shot,1771,LAW,0,0,6,0.0,0.0,0.0
completed,llm_http,qwen3-4b,gpu,three-shot,1771,LOC,0,27,50,0.0,0.0,0.0
completed,llm_http,qwen3-4b,gpu,three-shot,1771,MONEY,2,11,3,0.15384615384615385,0.4,0.2222222222222222
completed,llm_http,qwen3-4b,gpu,three-shot,1771,NORP,22,178,190,0.11,0.10377358490566038,0.10679611650485436
completed,llm_http,qwen3-4b,gpu,three-shot,1771,ORDINAL,5,16,99,0.23809523809523808,0.04807692307692308,0.08
completed,llm_http,qwen3-4b,gpu,three-shot,1771,ORG,58,286,192,0.1686046511627907,0.232,0.1952861952861953
completed,llm_http,qwen3-4b,gpu,three-shot,1771,PERCENT,0,2,4,0.0,0.0,0.0
completed,llm_http,qwen3-4b,gpu,three-shot,1771,PERSON,295,682,359,0.30194472876151485,0.4510703363914373,0.36174126302881665
completed,llm_http,qwen3-4b,gpu,three-shot,1771,PRODUCT,16,49,45,0.24615384615384617,0.26229508196721313,0.25396825396825395
completed,llm_http,qwen3-4b,gpu,three-shot,1771,QUANTITY,8,69,28,0.1038961038961039,0.2222222222222222,0.1415929203539823
completed,llm_http,qwen3-4b,gpu,three-shot,1771,TIME,2,72,2,0.02702702702702703,0.5,0.05128205128205129
completed,llm_http,qwen3-4b,gpu,three-shot,1771,TITLE,22,190,131,0.10377358490566038,0.1437908496732026,0.12054794520547946
completed,llm_http,qwen3-4b,gpu,three-shot,1771,WORK_OF_ART,5,117,153,0.040983606557377046,0.03164556962025317,0.03571428571428572
completed,llm_http,qwen3-4b,gpu,three-shot,2401,CARDINAL,27,123,213,0.18,0.1125,0.13846153846153847
completed,llm_http,qwen3-4b,gpu,three-shot,2401,DATE,34,284,309,0.1069182389937107,0.09912536443148688,0.10287443267776099
completed,llm_http,qwen3-4b,gpu,three-shot,2401,EVENT,5,249,90,0.01968503937007874,0.05263157894736842,0.028653295128939833
completed,llm_http,qwen3-4b,gpu,three-shot,2401,FAC,3,8,43,0.2727272727272727,0.06521739130434782,0.10526315789473684
completed,llm_http,qwen3-4b,gpu,three-shot,2401,GPE,124,504,442,0.19745222929936307,0.21908127208480566,0.20770519262981574
completed,llm_http,qwen3-4b,gpu,three-shot,2401,LANGUAGE,3,24,26,0.1111111111111111,0.10344827586206896,0.10714285714285715
completed,llm_http,qwen3-4b,gpu,three-shot,2401,LAW,0,0,6,0.0,0.0,0.0
completed,llm_http,qwen3-4b,gpu,three-shot,2401,LOC,0,64,50,0.0,0.0,0.0
completed,llm_http,qwen3-4b,gpu,three-shot,2401,MONEY,0,12,5,0.0,0.0,0.0
completed,llm_http,qwen3-4b,gpu,three-shot,2401,NORP,36,237,176,0.13186813186813187,0.16981132075471697,0.14845360824742268
completed,llm_http,qwen3-4b,gpu,three-shot,2401,ORDINAL,16,108,88,0.12903225806451613,0.15384615384615385,0.14035087719298245
completed,llm_http,qwen3-4b,gpu,three-shot,2401,ORG,61,416,189,0.1278825995807128,0.244,0.16781292984869325
completed,llm_http,qwen3-4b,gpu,three-shot,2401,PERCENT,0,4,4,0.0,0.0,0.0
completed,llm_http,qwen3-4b,gpu,three-shot,2401,PERSON,197,428,457,0.3152,0.3012232415902141,0.30805316653635656
completed,llm_http,qwen3-4b,gpu,three-shot,2401,PRODUCT,9,59,52,0.1323529411764706,0.14754098360655737,0.13953488372093023
completed,llm_http,qwen3-4b,gpu,three-shot,2401,QUANTITY,6,90,30,0.0625,0.16666666666666666,0.09090909090909091
completed,llm_http,qwen3-4b,gpu,three-shot,2401,TIME,0,76,4,0.0,0.0,0.0
completed,llm_http,qwen3-4b,gpu,three-shot,2401,TITLE,23,151,130,0.13218390804597702,0.1503267973856209,0.1406727828746177
completed,llm_http,qwen3-4b,gpu,three-shot,2401,WORK_OF_ART,23,257,135,0.08214285714285714,0.14556962025316456,0.1050228310502283
completed,llm_http,qwen3-4b,gpu,three-shot,42,CARDINAL,40,134,200,0.22988505747126436,0.16666666666666666,0.19323671497584538
completed,llm_http,qwen3-4b,gpu,three-shot,42,DATE,63,257,280,0.196875,0.1836734693877551,0.1900452488687783
completed,llm_http,qwen3-4b,gpu,three-shot,42,EVENT,7,109,88,0.0603448275862069,0.07368421052631578,0.06635071090047392
completed,llm_http,qwen3-4b,gpu,three-shot,42,FAC,0,2,46,0.0,0.0,0.0
completed,llm_http,qwen3-4b,gpu,three-shot,42,GPE,225,483,341,0.3177966101694915,0.39752650176678445,0.35321821036106754
completed,llm_http,qwen3-4b,gpu,three-shot,42,LANGUAGE,6,25,23,0.1935483870967742,0.20689655172413793,0.19999999999999998
completed,llm_http,qwen3-4b,gpu,three-shot,42,LAW,0,0,6,0.0,0.0,0.0
completed,llm_http,qwen3-4b,gpu,three-shot,42,LOC,1,22,49,0.043478260869565216,0.02,0.0273972602739726
completed,llm_http,qwen3-4b,gpu,three-shot,42,MONEY,0,10,5,0.0,0.0,0.0
completed,llm_http,qwen3-4b,gpu,three-shot,42,NORP,8,78,204,0.09302325581395349,0.03773584905660377,0.053691275167785234
completed,llm_http,qwen3-4b,gpu,three-shot,42,ORDINAL,11,38,93,0.22448979591836735,0.10576923076923077,0.14379084967320263
completed,llm_http,qwen3-4b,gpu,three-shot,42,ORG,38,330,212,0.10326086956521739,0.152,0.12297734627831716
completed,llm_http,qwen3-4b,gpu,three-shot,42,PERCENT,1,3,3,0.25,0.25,0.25
completed,llm_http,qwen3-4b,gpu,three-shot,42,PERSON,292,571,362,0.3383545770567787,0.44648318042813456,0.3849703361898484
completed,llm_http,qwen3-4b,gpu,three-shot,42,PRODUCT,14,31,47,0.3111111111111111,0.22950819672131148,0.2641509433962264
completed,llm_http,qwen3-4b,gpu,three-shot,42,QUANTITY,4,44,32,0.08333333333333333,0.1111111111111111,0.09523809523809525
completed,llm_http,qwen3-4b,gpu,three-shot,42,TIME,2,82,2,0.023809523809523808,0.5,0.04545454545454545
completed,llm_http,qwen3-4b,gpu,three-shot,42,TITLE,7,58,146,0.1076923076923077,0.0457516339869281,0.06422018348623852
completed,llm_http,qwen3-4b,gpu,three-shot,42,WORK_OF_ART,22,271,136,0.07508532423208192,0.13924050632911392,0.0975609756097561
completed,llm_http,qwen3-4b,gpu,zero-shot,fixed,CARDINAL,38,135,202,0.21965317919075145,0.15833333333333333,0.18401937046004843
completed,llm_http,qwen3-4b,gpu,zero-shot,fixed,DATE,17,125,326,0.11971830985915492,0.04956268221574344,0.07010309278350516
completed,llm_http,qwen3-4b,gpu,zero-shot,fixed,EVENT,1,184,94,0.005405405405405406,0.010526315789473684,0.0071428571428571435
completed,llm_http,qwen3-4b,gpu,zero-shot,fixed,FAC,0,4,46,0.0,0.0,0.0
completed,llm_http,qwen3-4b,gpu,zero-shot,fixed,GPE,124,384,442,0.2440944881889764,0.21908127208480566,0.2309124767225326
completed,llm_http,qwen3-4b,gpu,zero-shot,fixed,LANGUAGE,2,11,27,0.15384615384615385,0.06896551724137931,0.09523809523809525
completed,llm_http,qwen3-4b,gpu,zero-shot,fixed,LAW,0,0,6,0.0,0.0,0.0
completed,llm_http,qwen3-4b,gpu,zero-shot,fixed,LOC,0,18,50,0.0,0.0,0.0
completed,llm_http,qwen3-4b,gpu,zero-shot,fixed,MONEY,0,3,5,0.0,0.0,0.0
completed,llm_http,qwen3-4b,gpu,zero-shot,fixed,NORP,6,49,206,0.10909090909090909,0.02830188679245283,0.0449438202247191
completed,llm_http,qwen3-4b,gpu,zero-shot,fixed,ORDINAL,9,19,95,0.32142857142857145,0.08653846153846154,0.13636363636363638
completed,llm_http,qwen3-4b,gpu,zero-shot,fixed,ORG,26,307,224,0.07807807807807808,0.104,0.08919382504288165
completed,llm_http,qwen3-4b,gpu,zero-shot,fixed,PERCENT,1,1,3,0.5,0.25,0.3333333333333333
completed,llm_http,qwen3-4b,gpu,zero-shot,fixed,PERSON,176,745,478,0.19109663409337677,0.2691131498470948,0.2234920634920635
completed,llm_http,qwen3-4b,gpu,zero-shot,fixed,PRODUCT,9,35,52,0.20454545454545456,0.14754098360655737,0.17142857142857143
completed,llm_http,qwen3-4b,gpu,zero-shot,fixed,QUANTITY,0,37,36,0.0,0.0,0.0
completed,llm_http,qwen3-4b,gpu,zero-shot,fixed,TIME,1,56,3,0.017543859649122806,0.25,0.03278688524590164
completed,llm_http,qwen3-4b,gpu,zero-shot,fixed,TITLE,11,75,142,0.12790697674418605,0.0718954248366013,0.09205020920502092
completed,llm_http,qwen3-4b,gpu,zero-shot,fixed,WORK_OF_ART,6,98,152,0.057692307692307696,0.0379746835443038,0.04580152671755726
completed,llm_http,qwen3-8b,gpu,one-shot,1771,CARDINAL,77,150,163,0.3392070484581498,0.32083333333333336,0.32976445396145615
completed,llm_http,qwen3-8b,gpu,one-shot,1771,DATE,96,291,247,0.24806201550387597,0.27988338192419826,0.263013698630137
completed,llm_http,qwen3-8b,gpu,one-shot,1771,EVENT,8,83,87,0.08791208791208792,0.08421052631578947,0.08602150537634408
completed,llm_http,qwen3-8b,gpu,one-shot,1771,FAC,1,11,45,0.08333333333333333,0.021739130434782608,0.034482758620689655
completed,llm_http,qwen3-8b,gpu,one-shot,1771,GPE,120,153,446,0.43956043956043955,0.21201413427561838,0.28605482717520864
completed,llm_http,qwen3-8b,gpu,one-shot,1771,LANGUAGE,5,23,24,0.17857142857142858,0.1724137931034483,0.17543859649122806
completed,llm_http,qwen3-8b,gpu,one-shot,1771,LAW,0,0,6,0.0,0.0,0.0
completed,llm_http,qwen3-8b,gpu,one-shot,1771,LOC,8,339,42,0.023054755043227664,0.16,0.04030226700251889
completed,llm_http,qwen3-8b,gpu,one-shot,1771,MONEY,0,3,5,0.0,0.0,0.0
completed,llm_http,qwen3-8b,gpu,one-shot,1771,NORP,41,41,171,0.5,0.19339622641509435,0.27891156462585037
completed,llm_http,qwen3-8b,gpu,one-shot,1771,ORDINAL,12,23,92,0.34285714285714286,0.11538461538461539,0.17266187050359713
completed,llm_http,qwen3-8b,gpu,one-shot,1771,ORG,76,247,174,0.23529411764705882,0.304,0.26527050610820246
completed,llm_http,qwen3-8b,gpu,one-shot,1771,PERCENT,2,2,2,0.5,0.5,0.5
completed,llm_http,qwen3-8b,gpu,one-shot,1771,PERSON,342,348,312,0.4956521739130435,0.5229357798165137,0.5089285714285714
completed,llm_http,qwen3-8b,gpu,one-shot,1771,PRODUCT,17,97,44,0.14912280701754385,0.2786885245901639,0.19428571428571426
completed,llm_http,qwen3-8b,gpu,one-shot,1771,QUANTITY,3,15,33,0.16666666666666666,0.08333333333333333,0.1111111111111111
completed,llm_http,qwen3-8b,gpu,one-shot,1771,TIME,3,29,1,0.09375,0.75,0.16666666666666666
completed,llm_http,qwen3-8b,gpu,one-shot,1771,TITLE,14,57,139,0.19718309859154928,0.0915032679738562,0.125
completed,llm_http,qwen3-8b,gpu,one-shot,1771,WORK_OF_ART,43,206,115,0.17269076305220885,0.2721518987341772,0.2113022113022113
completed,llm_http,qwen3-8b,gpu,one-shot,2401,CARDINAL,56,112,184,0.3333333333333333,0.23333333333333334,0.27450980392156865
completed,llm_http,qwen3-8b,gpu,one-shot,2401,DATE,125,286,218,0.30413625304136255,0.36443148688046645,0.3315649867374005
completed,llm_http,qwen3-8b,gpu,one-shot,2401,EVENT,13,78,82,0.14285714285714285,0.1368421052631579,0.13978494623655913
completed,llm_http,qwen3-8b,gpu,one-shot,2401,FAC,0,2,46,0.0,0.0,0.0
completed,llm_http,qwen3-8b,gpu,one-shot,2401,GPE,133,115,433,0.5362903225806451,0.23498233215547704,0.3267813267813268
completed,llm_http,qwen3-8b,gpu,one-shot,2401,LANGUAGE,9,48,20,0.15789473684210525,0.3103448275862069,0.20930232558139533
completed,llm_http,qwen3-8b,gpu,one-shot,2401,LAW,0,0,6,0.0,0.0,0.0
completed,llm_http,qwen3-8b,gpu,one-shot,2401,LOC,11,314,39,0.033846153846153845,0.22,0.05866666666666667
completed,llm_http,qwen3-8b,gpu,one-shot,2401,MONEY,1,3,4,0.25,0.2,0.22222222222222224
completed,llm_http,qwen3-8b,gpu,one-shot,2401,NORP,55,39,157,0.5851063829787234,0.25943396226415094,0.3594771241830066
completed,llm_http,qwen3-8b,gpu,one-shot,2401,ORDINAL,8,23,96,0.25806451612903225,0.07692307692307693,0.11851851851851852
completed,llm_http,qwen3-8b,gpu,one-shot,2401,ORG,75,216,175,0.25773195876288657,0.3,0.277264325323475
completed,llm_http,qwen3-8b,gpu,one-shot,2401,PERCENT,2,1,2,0.6666666666666666,0.5,0.5714285714285715
completed,llm_http,qwen3-8b,gpu,one-shot,2401,PERSON,317,338,337,0.48396946564885496,0.4847094801223242,0.4843391902215432
completed,llm_http,qwen3-8b,gpu,one-shot,2401,PRODUCT,27,61,34,0.3068181818181818,0.4426229508196721,0.3624161073825503
completed,llm_http,qwen3-8b,gpu,one-shot,2401,QUANTITY,2,17,34,0.10526315789473684,0.05555555555555555,0.07272727272727272
completed,llm_http,qwen3-8b,gpu,one-shot,2401,TIME,1,19,3,0.05,0.25,0.08333333333333334
completed,llm_http,qwen3-8b,gpu,one-shot,2401,TITLE,15,49,138,0.234375,0.09803921568627451,0.13824884792626727
completed,llm_http,qwen3-8b,gpu,one-shot,2401,WORK_OF_ART,33,178,125,0.15639810426540285,0.2088607594936709,0.17886178861788618
completed,llm_http,qwen3-8b,gpu,one-shot,42,CARDINAL,75,149,165,0.33482142857142855,0.3125,0.32327586206896547
completed,llm_http,qwen3-8b,gpu,one-shot,42,DATE,71,315,272,0.18393782383419688,0.20699708454810495,0.19478737997256512
completed,llm_http,qwen3-8b,gpu,one-shot,42,EVENT,0,68,95,0.0,0.0,0.0
completed,llm_http,qwen3-8b,gpu,one-shot,42,FAC,0,11,46,0.0,0.0,0.0
completed,llm_http,qwen3-8b,gpu,one-shot,42,GPE,199,242,367,0.4512471655328798,0.35159010600706714,0.3952333664349553
completed,llm_http,qwen3-8b,gpu,one-shot,42,LANGUAGE,8,41,21,0.16326530612244897,0.27586206896551724,0.20512820512820512
completed,llm_http,qwen3-8b,gpu,one-shot,42,LAW,0,0,6,0.0,0.0,0.0
completed,llm_http,qwen3-8b,gpu,one-shot,42,LOC,5,365,45,0.013513513513513514,0.1,0.023809523809523808
completed,llm_http,qwen3-8b,gpu,one-shot,42,MONEY,0,4,5,0.0,0.0,0.0
completed,llm_http,qwen3-8b,gpu,one-shot,42,NORP,49,26,163,0.6533333333333333,0.23113207547169812,0.34146341463414637
completed,llm_http,qwen3-8b,gpu,one-shot,42,ORDINAL,9,15,95,0.375,0.08653846153846154,0.14062499999999997
completed,llm_http,qwen3-8b,gpu,one-shot,42,ORG,54,322,196,0.14361702127659576,0.216,0.17252396166134185
completed,llm_http,qwen3-8b,gpu,one-shot,42,PERCENT,1,1,3,0.5,0.25,0.3333333333333333
completed,llm_http,qwen3-8b,gpu,one-shot,42,PERSON,319,677,335,0.32028112449799195,0.4877675840978593,0.38666666666666666
completed,llm_http,qwen3-8b,gpu,one-shot,42,PRODUCT,20,98,41,0.1694915254237288,0.32786885245901637,0.22346368715083798
completed,llm_http,qwen3-8b,gpu,one-shot,42,QUANTITY,0,9,36,0.0,0.0,0.0
completed,llm_http,qwen3-8b,gpu,one-shot,42,TIME,2,22,2,0.08333333333333333,0.5,0.14285714285714285
completed,llm_http,qwen3-8b,gpu,one-shot,42,TITLE,15,52,138,0.22388059701492538,0.09803921568627451,0.13636363636363635
completed,llm_http,qwen3-8b,gpu,one-shot,42,WORK_OF_ART,26,199,132,0.11555555555555555,0.16455696202531644,0.13577023498694515
completed,llm_http,qwen3-8b,gpu,three-shot,1771,CARDINAL,43,127,197,0.2529411764705882,0.17916666666666667,0.2097560975609756
completed,llm_http,qwen3-8b,gpu,three-shot,1771,DATE,141,226,202,0.38419618528610355,0.4110787172011662,0.3971830985915493
completed,llm_http,qwen3-8b,gpu,three-shot,1771,EVENT,21,108,74,0.16279069767441862,0.22105263157894736,0.18750000000000003
completed,llm_http,qwen3-8b,gpu,three-shot,1771,FAC,0,10,46,0.0,0.0,0.0
completed,llm_http,qwen3-8b,gpu,three-shot,1771,GPE,130,128,436,0.5038759689922481,0.22968197879858657,0.3155339805825243
completed,llm_http,qwen3-8b,gpu,three-shot,1771,LANGUAGE,6,17,23,0.2608695652173913,0.20689655172413793,0.23076923076923075
completed,llm_http,qwen3-8b,gpu,three-shot,1771,LAW,0,0,6,0.0,0.0,0.0
completed,llm_http,qwen3-8b,gpu,three-shot,1771,LOC,12,248,38,0.046153846153846156,0.24,0.07741935483870968
completed,llm_http,qwen3-8b,gpu,three-shot,1771,MONEY,2,3,3,0.4,0.4,0.4000000000000001
completed,llm_http,qwen3-8b,gpu,three-shot,1771,NORP,68,58,144,0.5396825396825397,0.32075471698113206,0.40236686390532544
completed,llm_http,qwen3-8b,gpu,three-shot,1771,ORDINAL,9,18,95,0.3333333333333333,0.08653846153846154,0.13740458015267176
completed,llm_http,qwen3-8b,gpu,three-shot,1771,ORG,72,192,178,0.2727272727272727,0.288,0.28015564202334625
completed,llm_http,qwen3-8b,gpu,three-shot,1771,PERCENT,2,1,2,0.6666666666666666,0.5,0.5714285714285715
completed,llm_http,qwen3-8b,gpu,three-shot,1771,PERSON,399,322,255,0.5533980582524272,0.6100917431192661,0.5803636363636364
completed,llm_http,qwen3-8b,gpu,three-shot,1771,PRODUCT,20,61,41,0.24691358024691357,0.32786885245901637,0.28169014084507044
completed,llm_http,qwen3-8b,gpu,three-shot,1771,QUANTITY,5,16,31,0.23809523809523808,0.1388888888888889,0.17543859649122806
completed,llm_http,qwen3-8b,gpu,three-shot,1771,TIME,2,35,2,0.05405405405405406,0.5,0.0975609756097561
completed,llm_http,qwen3-8b,gpu,three-shot,1771,TITLE,19,90,134,0.1743119266055046,0.12418300653594772,0.14503816793893132
completed,llm_http,qwen3-8b,gpu,three-shot,1771,WORK_OF_ART,49,165,109,0.22897196261682243,0.310126582278481,0.2634408602150538
completed,llm_http,qwen3-8b,gpu,three-shot,2401,CARDINAL,62,89,178,0.4105960264900662,0.25833333333333336,0.3171355498721228
completed,llm_http,qwen3-8b,gpu,three-shot,2401,DATE,177,178,166,0.49859154929577465,0.5160349854227405,0.507163323782235
completed,llm_http,qwen3-8b,gpu,three-shot,2401,EVENT,22,112,73,0.16417910447761194,0.23157894736842105,0.19213973799126638
completed,llm_http,qwen3-8b,gpu,three-shot,2401,FAC,1,6,45,0.14285714285714285,0.021739130434782608,0.03773584905660378
completed,llm_http,qwen3-8b,gpu,three-shot,2401,GPE,124,109,442,0.5321888412017167,0.21908127208480566,0.31038798498122655
completed,llm_http,qwen3-8b,gpu,three-shot,2401,LANGUAGE,8,39,21,0.1702127659574468,0.27586206896551724,0.21052631578947364
completed,llm_http,qwen3-8b,gpu,three-shot,2401,LAW,0,0,6,0.0,0.0,0.0
completed,llm_http,qwen3-8b,gpu,three-shot,2401,LOC,10,382,40,0.025510204081632654,0.2,0.04524886877828054
completed,llm_http,qwen3-8b,gpu,three-shot,2401,MONEY,3,2,2,0.6,0.6,0.6
completed,llm_http,qwen3-8b,gpu,three-shot,2401,NORP,90,50,122,0.6428571428571429,0.42452830188679247,0.5113636363636364
completed,llm_http,qwen3-8b,gpu,three-shot,2401,ORDINAL,41,66,63,0.38317757009345793,0.3942307692307692,0.38862559241706157
completed,llm_http,qwen3-8b,gpu,three-shot,2401,ORG,88,234,162,0.2732919254658385,0.352,0.3076923076923077
completed,llm_http,qwen3-8b,gpu,three-shot,2401,PERCENT,2,1,2,0.6666666666666666,0.5,0.5714285714285715
completed,llm_http,qwen3-8b,gpu,three-shot,2401,PERSON,359,241,295,0.5983333333333334,0.5489296636085627,0.5725677830940988
completed,llm_http,qwen3-8b,gpu,three-shot,2401,PRODUCT,24,104,37,0.1875,0.39344262295081966,0.25396825396825395
completed,llm_http,qwen3-8b,gpu,three-shot,2401,QUANTITY,11,20,25,0.3548387096774194,0.3055555555555556,0.3283582089552239
completed,llm_http,qwen3-8b,gpu,three-shot,2401,TIME,2,29,2,0.06451612903225806,0.5,0.1142857142857143
completed,llm_http,qwen3-8b,gpu,three-shot,2401,TITLE,33,111,120,0.22916666666666666,0.21568627450980393,0.22222222222222224
completed,llm_http,qwen3-8b,gpu,three-shot,2401,WORK_OF_ART,49,196,109,0.2,0.310126582278481,0.2431761786600496
completed,llm_http,qwen3-8b,gpu,three-shot,42,CARDINAL,61,105,179,0.3674698795180723,0.25416666666666665,0.3004926108374384
completed,llm_http,qwen3-8b,gpu,three-shot,42,DATE,153,227,190,0.4026315789473684,0.446064139941691,0.42323651452282157
completed,llm_http,qwen3-8b,gpu,three-shot,42,EVENT,6,32,89,0.15789473684210525,0.06315789473684211,0.09022556390977443
completed,llm_http,qwen3-8b,gpu,three-shot,42,FAC,0,13,46,0.0,0.0,0.0
completed,llm_http,qwen3-8b,gpu,three-shot,42,GPE,280,249,286,0.5293005671077504,0.49469964664310956,0.5114155251141553
completed,llm_http,qwen3-8b,gpu,three-shot,42,LANGUAGE,7,24,22,0.22580645161290322,0.2413793103448276,0.23333333333333334
completed,llm_http,qwen3-8b,gpu,three-shot,42,LAW,0,0,6,0.0,0.0,0.0
completed,llm_http,qwen3-8b,gpu,three-shot,42,LOC,9,199,41,0.04326923076923077,0.18,0.06976744186046512
completed,llm_http,qwen3-8b,gpu,three-shot,42,MONEY,1,3,4,0.25,0.2,0.22222222222222224
completed,llm_http,qwen3-8b,gpu,three-shot,42,NORP,36,32,176,0.5294117647058824,0.16981132075471697,0.2571428571428572
completed,llm_http,qwen3-8b,gpu,three-shot,42,ORDINAL,8,21,96,0.27586206896551724,0.07692307692307693,0.12030075187969926
completed,llm_http,qwen3-8b,gpu,three-shot,42,ORG,71,216,179,0.24738675958188153,0.284,0.2644320297951583
completed,llm_http,qwen3-8b,gpu,three-shot,42,PERCENT,1,1,3,0.5,0.25,0.3333333333333333
completed,llm_http,qwen3-8b,gpu,three-shot,42,PERSON,395,380,259,0.5096774193548387,0.6039755351681957,0.5528341497550734
completed,llm_http,qwen3-8b,gpu,three-shot,42,PRODUCT,21,46,40,0.31343283582089554,0.3442622950819672,0.32812500000000006
completed,llm_http,qwen3-8b,gpu,three-shot,42,QUANTITY,6,13,30,0.3157894736842105,0.16666666666666666,0.2181818181818182
completed,llm_http,qwen3-8b,gpu,three-shot,42,TIME,1,17,3,0.05555555555555555,0.25,0.0909090909090909
completed,llm_http,qwen3-8b,gpu,three-shot,42,TITLE,12,38,141,0.24,0.0784313725490196,0.11822660098522167
completed,llm_http,qwen3-8b,gpu,three-shot,42,WORK_OF_ART,44,203,114,0.17813765182186234,0.27848101265822783,0.21728395061728395
completed,llm_http,qwen3-8b,gpu,zero-shot,fixed,CARDINAL,62,110,178,0.36046511627906974,0.25833333333333336,0.3009708737864078
completed,llm_http,qwen3-8b,gpu,zero-shot,fixed,DATE,45,196,298,0.18672199170124482,0.13119533527696792,0.1541095890410959
completed,llm_http,qwen3-8b,gpu,zero-shot,fixed,EVENT,2,30,93,0.0625,0.021052631578947368,0.031496062992125984
completed,llm_http,qwen3-8b,gpu,zero-shot,fixed,FAC,0,7,46,0.0,0.0,0.0
completed,llm_http,qwen3-8b,gpu,zero-shot,fixed,GPE,109,183,457,0.3732876712328767,0.19257950530035337,0.2540792540792541
completed,llm_http,qwen3-8b,gpu,zero-shot,fixed,LANGUAGE,6,24,23,0.2,0.20689655172413793,0.20338983050847456
completed,llm_http,qwen3-8b,gpu,zero-shot,fixed,LAW,0,0,6,0.0,0.0,0.0
completed,llm_http,qwen3-8b,gpu,zero-shot,fixed,LOC,2,220,48,0.009009009009009009,0.04,0.014705882352941176
completed,llm_http,qwen3-8b,gpu,zero-shot,fixed,MONEY,0,4,5,0.0,0.0,0.0
completed,llm_http,qwen3-8b,gpu,zero-shot,fixed,NORP,34,16,178,0.68,0.16037735849056603,0.2595419847328244
completed,llm_http,qwen3-8b,gpu,zero-shot,fixed,ORDINAL,10,19,94,0.3448275862068966,0.09615384615384616,0.15037593984962408
completed,llm_http,qwen3-8b,gpu,zero-shot,fixed,ORG,54,221,196,0.19636363636363635,0.216,0.2057142857142857
completed,llm_http,qwen3-8b,gpu,zero-shot,fixed,PERCENT,1,1,3,0.5,0.25,0.3333333333333333
completed,llm_http,qwen3-8b,gpu,zero-shot,fixed,PERSON,260,632,394,0.2914798206278027,0.39755351681957185,0.33635187580853815
completed,llm_http,qwen3-8b,gpu,zero-shot,fixed,PRODUCT,16,75,45,0.17582417582417584,0.26229508196721313,0.21052631578947373
completed,llm_http,qwen3-8b,gpu,zero-shot,fixed,QUANTITY,0,1,36,0.0,0.0,0.0
completed,llm_http,qwen3-8b,gpu,zero-shot,fixed,TIME,1,19,3,0.05,0.25,0.08333333333333334
completed,llm_http,qwen3-8b,gpu,zero-shot,fixed,TITLE,12,30,141,0.2857142857142857,0.0784313725490196,0.12307692307692307
completed,llm_http,qwen3-8b,gpu,zero-shot,fixed,WORK_OF_ART,19,156,139,0.10857142857142857,0.12025316455696203,0.11411411411411411
completed,llm_http,qwen3.5-2b,gpu,one-shot,1771,CARDINAL,13,156,227,0.07692307692307693,0.05416666666666667,0.06356968215158924
completed,llm_http,qwen3.5-2b,gpu,one-shot,1771,DATE,7,186,336,0.03626943005181347,0.02040816326530612,0.026119402985074622
completed,llm_http,qwen3.5-2b,gpu,one-shot,1771,EVENT,0,22,95,0.0,0.0,0.0
completed,llm_http,qwen3.5-2b,gpu,one-shot,1771,FAC,0,7,46,0.0,0.0,0.0
completed,llm_http,qwen3.5-2b,gpu,one-shot,1771,GPE,5,114,561,0.04201680672268908,0.0088339222614841,0.014598540145985401
completed,llm_http,qwen3.5-2b,gpu,one-shot,1771,LANGUAGE,0,8,29,0.0,0.0,0.0
completed,llm_http,qwen3.5-2b,gpu,one-shot,1771,LAW,0,2,6,0.0,0.0,0.0
completed,llm_http,qwen3.5-2b,gpu,one-shot,1771,LOC,0,424,50,0.0,0.0,0.0
completed,llm_http,qwen3.5-2b,gpu,one-shot,1771,MONEY,0,7,5,0.0,0.0,0.0
completed,llm_http,qwen3.5-2b,gpu,one-shot,1771,NORP,0,62,212,0.0,0.0,0.0
completed,llm_http,qwen3.5-2b,gpu,one-shot,1771,ORDINAL,1,256,103,0.0038910505836575876,0.009615384615384616,0.00554016620498615
completed,llm_http,qwen3.5-2b,gpu,one-shot,1771,ORG,2,210,248,0.009433962264150943,0.008,0.00865800865800866
completed,llm_http,qwen3.5-2b,gpu,one-shot,1771,PERCENT,0,0,4,0.0,0.0,0.0
completed,llm_http,qwen3.5-2b,gpu,one-shot,1771,PERSON,19,533,635,0.034420289855072464,0.0290519877675841,0.03150912106135987
completed,llm_http,qwen3.5-2b,gpu,one-shot,1771,PRODUCT,2,132,59,0.014925373134328358,0.03278688524590164,0.02051282051282051
completed,llm_http,qwen3.5-2b,gpu,one-shot,1771,QUANTITY,0,23,36,0.0,0.0,0.0
completed,llm_http,qwen3.5-2b,gpu,one-shot,1771,TIME,0,17,4,0.0,0.0,0.0
completed,llm_http,qwen3.5-2b,gpu,one-shot,1771,TITLE,0,84,153,0.0,0.0,0.0
completed,llm_http,qwen3.5-2b,gpu,one-shot,1771,WORK_OF_ART,0,14,158,0.0,0.0,0.0
completed,llm_http,qwen3.5-2b,gpu,one-shot,2401,CARDINAL,17,156,223,0.09826589595375723,0.07083333333333333,0.08232445520581114
completed,llm_http,qwen3.5-2b,gpu,one-shot,2401,DATE,7,188,336,0.035897435897435895,0.02040816326530612,0.026022304832713755
completed,llm_http,qwen3.5-2b,gpu,one-shot,2401,EVENT,0,6,95,0.0,0.0,0.0
completed,llm_http,qwen3.5-2b,gpu,one-shot,2401,FAC,0,0,46,0.0,0.0,0.0
completed,llm_http,qwen3.5-2b,gpu,one-shot,2401,GPE,2,62,564,0.03125,0.0035335689045936395,0.006349206349206349
completed,llm_http,qwen3.5-2b,gpu,one-shot,2401,LANGUAGE,0,6,29,0.0,0.0,0.0
completed,llm_http,qwen3.5-2b,gpu,one-shot,2401,LAW,0,0,6,0.0,0.0,0.0
completed,llm_http,qwen3.5-2b,gpu,one-shot,2401,LOC,0,176,50,0.0,0.0,0.0
completed,llm_http,qwen3.5-2b,gpu,one-shot,2401,MONEY,0,4,5,0.0,0.0,0.0
completed,llm_http,qwen3.5-2b,gpu,one-shot,2401,NORP,2,37,210,0.05128205128205128,0.009433962264150943,0.01593625498007968
completed,llm_http,qwen3.5-2b,gpu,one-shot,2401,ORDINAL,0,70,104,0.0,0.0,0.0
completed,llm_http,qwen3.5-2b,gpu,one-shot,2401,ORG,2,63,248,0.03076923076923077,0.008,0.0126984126984127
completed,llm_http,qwen3.5-2b,gpu,one-shot,2401,PERCENT,0,0,4,0.0,0.0,0.0
completed,llm_http,qwen3.5-2b,gpu,one-shot,2401,PERSON,18,396,636,0.043478260869565216,0.027522935779816515,0.033707865168539325
completed,llm_http,qwen3.5-2b,gpu,one-shot,2401,PRODUCT,3,44,58,0.06382978723404255,0.04918032786885246,0.05555555555555555
completed,llm_http,qwen3.5-2b,gpu,one-shot,2401,QUANTITY,0,52,36,0.0,0.0,0.0
completed,llm_http,qwen3.5-2b,gpu,one-shot,2401,TIME,0,3,4,0.0,0.0,0.0
completed,llm_http,qwen3.5-2b,gpu,one-shot,2401,TITLE,0,49,153,0.0,0.0,0.0
completed,llm_http,qwen3.5-2b,gpu,one-shot,2401,WORK_OF_ART,0,10,158,0.0,0.0,0.0
completed,llm_http,qwen3.5-2b,gpu,one-shot,42,CARDINAL,20,81,220,0.19801980198019803,0.08333333333333333,0.11730205278592375
completed,llm_http,qwen3.5-2b,gpu,one-shot,42,DATE,13,163,330,0.07386363636363637,0.037900874635568516,0.05009633911368016
completed,llm_http,qwen3.5-2b,gpu,one-shot,42,EVENT,0,10,95,0.0,0.0,0.0
completed,llm_http,qwen3.5-2b,gpu,one-shot,42,FAC,0,6,46,0.0,0.0,0.0
completed,llm_http,qwen3.5-2b,gpu,one-shot,42,GPE,26,114,540,0.18571428571428572,0.045936395759717315,0.0736543909348442
completed,llm_http,qwen3.5-2b,gpu,one-shot,42,LANGUAGE,1,4,28,0.2,0.034482758620689655,0.0588235294117647
completed,llm_http,qwen3.5-2b,gpu,one-shot,42,LAW,0,2,6,0.0,0.0,0.0
completed,llm_http,qwen3.5-2b,gpu,one-shot,42,LOC,0,224,50,0.0,0.0,0.0
completed,llm_http,qwen3.5-2b,gpu,one-shot,42,MONEY,0,4,5,0.0,0.0,0.0
completed,llm_http,qwen3.5-2b,gpu,one-shot,42,NORP,11,77,201,0.125,0.05188679245283019,0.07333333333333335
completed,llm_http,qwen3.5-2b,gpu,one-shot,42,ORDINAL,0,65,104,0.0,0.0,0.0
completed,llm_http,qwen3.5-2b,gpu,one-shot,42,ORG,6,156,244,0.037037037037037035,0.024,0.029126213592233007
completed,llm_http,qwen3.5-2b,gpu,one-shot,42,PERCENT,0,0,4,0.0,0.0,0.0
completed,llm_http,qwen3.5-2b,gpu,one-shot,42,PERSON,53,454,601,0.10453648915187377,0.08103975535168195,0.0913006029285099
completed,llm_http,qwen3.5-2b,gpu,one-shot,42,PRODUCT,5,82,56,0.05747126436781609,0.08196721311475409,0.06756756756756757
completed,llm_http,qwen3.5-2b,gpu,one-shot,42,QUANTITY,0,27,36,0.0,0.0,0.0
completed,llm_http,qwen3.5-2b,gpu,one-shot,42,TIME,0,7,4,0.0,0.0,0.0
completed,llm_http,qwen3.5-2b,gpu,one-shot,42,TITLE,1,64,152,0.015384615384615385,0.006535947712418301,0.009174311926605505
completed,llm_http,qwen3.5-2b,gpu,one-shot,42,WORK_OF_ART,0,15,158,0.0,0.0,0.0
completed,llm_http,qwen3.5-2b,gpu,three-shot,1771,CARDINAL,9,110,231,0.07563025210084033,0.0375,0.05013927576601672
completed,llm_http,qwen3.5-2b,gpu,three-shot,1771,DATE,5,172,338,0.02824858757062147,0.014577259475218658,0.019230769230769232
completed,llm_http,qwen3.5-2b,gpu,three-shot,1771,EVENT,0,49,95,0.0,0.0,0.0
completed,llm_http,qwen3.5-2b,gpu,three-shot,1771,FAC,0,0,46,0.0,0.0,0.0
completed,llm_http,qwen3.5-2b,gpu,three-shot,1771,GPE,6,62,560,0.08823529411764706,0.01060070671378092,0.01892744479495268
completed,llm_http,qwen3.5-2b,gpu,three-shot,1771,LANGUAGE,0,5,29,0.0,0.0,0.0
completed,llm_http,qwen3.5-2b,gpu,three-shot,1771,LAW,0,0,6,0.0,0.0,0.0
completed,llm_http,qwen3.5-2b,gpu,three-shot,1771,LOC,0,505,50,0.0,0.0,0.0
completed,llm_http,qwen3.5-2b,gpu,three-shot,1771,MONEY,0,6,5,0.0,0.0,0.0
completed,llm_http,qwen3.5-2b,gpu,three-shot,1771,NORP,6,106,206,0.05357142857142857,0.02830188679245283,0.037037037037037035
completed,llm_http,qwen3.5-2b,gpu,three-shot,1771,ORDINAL,0,367,104,0.0,0.0,0.0
completed,llm_http,qwen3.5-2b,gpu,three-shot,1771,ORG,8,139,242,0.05442176870748299,0.032,0.04030226700251889
completed,llm_http,qwen3.5-2b,gpu,three-shot,1771,PERCENT,0,1,4,0.0,0.0,0.0
completed,llm_http,qwen3.5-2b,gpu,three-shot,1771,PERSON,46,637,608,0.06734992679355783,0.07033639143730887,0.06881077038145102
completed,llm_http,qwen3.5-2b,gpu,three-shot,1771,PRODUCT,2,224,59,0.008849557522123894,0.03278688524590164,0.013937282229965157
completed,llm_http,qwen3.5-2b,gpu,three-shot,1771,QUANTITY,0,165,36,0.0,0.0,0.0
completed,llm_http,qwen3.5-2b,gpu,three-shot,1771,TIME,0,35,4,0.0,0.0,0.0
completed,llm_http,qwen3.5-2b,gpu,three-shot,1771,TITLE,3,368,150,0.008086253369272238,0.0196078431372549,0.011450381679389313
completed,llm_http,qwen3.5-2b,gpu,three-shot,1771,WORK_OF_ART,0,8,158,0.0,0.0,0.0
completed,llm_http,qwen3.5-2b,gpu,three-shot,2401,CARDINAL,29,169,211,0.14646464646464646,0.12083333333333333,0.1324200913242009
completed,llm_http,qwen3.5-2b,gpu,three-shot,2401,DATE,7,287,336,0.023809523809523808,0.02040816326530612,0.021978021978021976
completed,llm_http,qwen3.5-2b,gpu,three-shot,2401,EVENT,0,83,95,0.0,0.0,0.0
completed,llm_http,qwen3.5-2b,gpu,three-shot,2401,FAC,0,2,46,0.0,0.0,0.0
completed,llm_http,qwen3.5-2b,gpu,three-shot,2401,GPE,11,106,555,0.09401709401709402,0.019434628975265017,0.032210834553440704
completed,llm_http,qwen3.5-2b,gpu,three-shot,2401,LANGUAGE,3,7,26,0.3,0.10344827586206896,0.15384615384615385
completed,llm_http,qwen3.5-2b,gpu,three-shot,2401,LAW,0,4,6,0.0,0.0,0.0
completed,llm_http,qwen3.5-2b,gpu,three-shot,2401,LOC,1,556,49,0.0017953321364452424,0.02,0.0032948929159802307
completed,llm_http,qwen3.5-2b,gpu,three-shot,2401,MONEY,0,9,5,0.0,0.0,0.0
completed,llm_http,qwen3.5-2b,gpu,three-shot,2401,NORP,20,91,192,0.18018018018018017,0.09433962264150944,0.12383900928792568
completed,llm_http,qwen3.5-2b,gpu,three-shot,2401,ORDINAL,6,458,98,0.01293103448275862,0.057692307692307696,0.02112676056338028
completed,llm_http,qwen3.5-2b,gpu,three-shot,2401,ORG,8,192,242,0.04,0.032,0.035555555555555556
completed,llm_http,qwen3.5-2b,gpu,three-shot,2401,PERCENT,0,1,4,0.0,0.0,0.0
completed,llm_http,qwen3.5-2b,gpu,three-shot,2401,PERSON,49,477,605,0.09315589353612168,0.07492354740061162,0.08305084745762713
completed,llm_http,qwen3.5-2b,gpu,three-shot,2401,PRODUCT,7,239,54,0.028455284552845527,0.11475409836065574,0.04560260586319218
completed,llm_http,qwen3.5-2b,gpu,three-shot,2401,QUANTITY,0,226,36,0.0,0.0,0.0
completed,llm_http,qwen3.5-2b,gpu,three-shot,2401,TIME,0,43,4,0.0,0.0,0.0
completed,llm_http,qwen3.5-2b,gpu,three-shot,2401,TITLE,11,683,142,0.01585014409221902,0.0718954248366013,0.025974025974025976
completed,llm_http,qwen3.5-2b,gpu,three-shot,2401,WORK_OF_ART,0,22,158,0.0,0.0,0.0
completed,llm_http,qwen3.5-2b,gpu,three-shot,42,CARDINAL,23,101,217,0.18548387096774194,0.09583333333333334,0.12637362637362637
completed,llm_http,qwen3.5-2b,gpu,three-shot,42,DATE,38,206,305,0.1557377049180328,0.11078717201166181,0.1294718909710392
completed,llm_http,qwen3.5-2b,gpu,three-shot,42,EVENT,0,20,95,0.0,0.0,0.0
completed,llm_http,qwen3.5-2b,gpu,three-shot,42,FAC,0,0,46,0.0,0.0,0.0
completed,llm_http,qwen3.5-2b,gpu,three-shot,42,GPE,40,120,526,0.25,0.0706713780918728,0.11019283746556474
completed,llm_http,qwen3.5-2b,gpu,three-shot,42,LANGUAGE,0,21,29,0.0,0.0,0.0
completed,llm_http,qwen3.5-2b,gpu,three-shot,42,LAW,0,0,6,0.0,0.0,0.0
completed,llm_http,qwen3.5-2b,gpu,three-shot,42,LOC,1,407,49,0.0024509803921568627,0.02,0.004366812227074236
completed,llm_http,qwen3.5-2b,gpu,three-shot,42,MONEY,0,4,5,0.0,0.0,0.0
completed,llm_http,qwen3.5-2b,gpu,three-shot,42,NORP,33,40,179,0.4520547945205479,0.15566037735849056,0.23157894736842105
completed,llm_http,qwen3.5-2b,gpu,three-shot,42,ORDINAL,5,209,99,0.02336448598130841,0.04807692307692308,0.031446540880503145
completed,llm_http,qwen3.5-2b,gpu,three-shot,42,ORG,13,178,237,0.06806282722513089,0.052,0.058956916099773236
completed,llm_http,qwen3.5-2b,gpu,three-shot,42,PERCENT,0,1,4,0.0,0.0,0.0
completed,llm_http,qwen3.5-2b,gpu,three-shot,42,PERSON,119,627,535,0.15951742627345844,0.1819571865443425,0.16999999999999998
completed,llm_http,qwen3.5-2b,gpu,three-shot,42,PRODUCT,13,203,48,0.06018518518518518,0.21311475409836064,0.09386281588447652
completed,llm_http,qwen3.5-2b,gpu,three-shot,42,QUANTITY,0,116,36,0.0,0.0,0.0
completed,llm_http,qwen3.5-2b,gpu,three-shot,42,TIME,1,22,3,0.043478260869565216,0.25,0.07407407407407408
completed,llm_http,qwen3.5-2b,gpu,three-shot,42,TITLE,3,72,150,0.04,0.0196078431372549,0.02631578947368421
completed,llm_http,qwen3.5-2b,gpu,three-shot,42,WORK_OF_ART,3,25,155,0.10714285714285714,0.0189873417721519,0.03225806451612903
completed,llm_http,qwen3.5-2b,gpu,zero-shot,fixed,CARDINAL,24,112,216,0.17647058823529413,0.1,0.12765957446808512
completed,llm_http,qwen3.5-2b,gpu,zero-shot,fixed,DATE,11,176,332,0.058823529411764705,0.03206997084548105,0.04150943396226415
completed,llm_http,qwen3.5-2b,gpu,zero-shot,fixed,EVENT,0,10,95,0.0,0.0,0.0
completed,llm_http,qwen3.5-2b,gpu,zero-shot,fixed,FAC,0,6,46,0.0,0.0,0.0
completed,llm_http,qwen3.5-2b,gpu,zero-shot,fixed,GPE,5,135,561,0.03571428571428571,0.0088339222614841,0.014164305949008499
completed,llm_http,qwen3.5-2b,gpu,zero-shot,fixed,LANGUAGE,1,10,28,0.09090909090909091,0.034482758620689655,0.05
completed,llm_http,qwen3.5-2b,gpu,zero-shot,fixed,LAW,0,0,6,0.0,0.0,0.0
completed,llm_http,qwen3.5-2b,gpu,zero-shot,fixed,LOC,0,257,50,0.0,0.0,0.0
completed,llm_http,qwen3.5-2b,gpu,zero-shot,fixed,MONEY,0,3,5,0.0,0.0,0.0
completed,llm_http,qwen3.5-2b,gpu,zero-shot,fixed,NORP,5,122,207,0.03937007874015748,0.02358490566037736,0.029498525073746312
completed,llm_http,qwen3.5-2b,gpu,zero-shot,fixed,ORDINAL,0,70,104,0.0,0.0,0.0
completed,llm_http,qwen3.5-2b,gpu,zero-shot,fixed,ORG,2,118,248,0.016666666666666666,0.008,0.010810810810810811
completed,llm_http,qwen3.5-2b,gpu,zero-shot,fixed,PERCENT,0,0,4,0.0,0.0,0.0
completed,llm_http,qwen3.5-2b,gpu,zero-shot,fixed,PERSON,12,338,642,0.03428571428571429,0.01834862385321101,0.02390438247011952
completed,llm_http,qwen3.5-2b,gpu,zero-shot,fixed,PRODUCT,2,65,59,0.029850746268656716,0.03278688524590164,0.03125
completed,llm_http,qwen3.5-2b,gpu,zero-shot,fixed,QUANTITY,0,16,36,0.0,0.0,0.0
completed,llm_http,qwen3.5-2b,gpu,zero-shot,fixed,TIME,0,12,4,0.0,0.0,0.0
completed,llm_http,qwen3.5-2b,gpu,zero-shot,fixed,TITLE,0,44,153,0.0,0.0,0.0
completed,llm_http,qwen3.5-2b,gpu,zero-shot,fixed,WORK_OF_ART,0,28,158,0.0,0.0,0.0
completed,llm_http,trendyol-llm-7b-chat-v4.1.0,gpu,one-shot,1771,CARDINAL,1,21,239,0.045454545454545456,0.004166666666666667,0.007633587786259542
completed,llm_http,trendyol-llm-7b-chat-v4.1.0,gpu,one-shot,1771,DATE,4,246,339,0.016,0.011661807580174927,0.013490725126475549
completed,llm_http,trendyol-llm-7b-chat-v4.1.0,gpu,one-shot,1771,EVENT,2,283,93,0.007017543859649123,0.021052631578947368,0.010526315789473686
completed,llm_http,trendyol-llm-7b-chat-v4.1.0,gpu,one-shot,1771,FAC,0,8,46,0.0,0.0,0.0
completed,llm_http,trendyol-llm-7b-chat-v4.1.0,gpu,one-shot,1771,GPE,1,65,565,0.015151515151515152,0.0017667844522968198,0.0031645569620253164
completed,llm_http,trendyol-llm-7b-chat-v4.1.0,gpu,one-shot,1771,LANGUAGE,0,0,29,0.0,0.0,0.0
completed,llm_http,trendyol-llm-7b-chat-v4.1.0,gpu,one-shot,1771,LAW,0,1,6,0.0,0.0,0.0
completed,llm_http,trendyol-llm-7b-chat-v4.1.0,gpu,one-shot,1771,LOC,1,608,49,0.0016420361247947454,0.02,0.0030349013657056142
completed,llm_http,trendyol-llm-7b-chat-v4.1.0,gpu,one-shot,1771,MONEY,1,1,4,0.5,0.2,0.28571428571428575
completed,llm_http,trendyol-llm-7b-chat-v4.1.0,gpu,one-shot,1771,NORP,0,53,212,0.0,0.0,0.0
completed,llm_http,trendyol-llm-7b-chat-v4.1.0,gpu,one-shot,1771,ORDINAL,0,35,104,0.0,0.0,0.0
completed,llm_http,trendyol-llm-7b-chat-v4.1.0,gpu,one-shot,1771,ORG,14,474,236,0.028688524590163935,0.056,0.03794037940379404
completed,llm_http,trendyol-llm-7b-chat-v4.1.0,gpu,one-shot,1771,PERCENT,0,0,4,0.0,0.0,0.0
completed,llm_http,trendyol-llm-7b-chat-v4.1.0,gpu,one-shot,1771,PERSON,66,2037,588,0.03138373751783167,0.10091743119266056,0.04787812840043525
completed,llm_http,trendyol-llm-7b-chat-v4.1.0,gpu,one-shot,1771,PRODUCT,0,0,61,0.0,0.0,0.0
completed,llm_http,trendyol-llm-7b-chat-v4.1.0,gpu,one-shot,1771,QUANTITY,2,131,34,0.015037593984962405,0.05555555555555555,0.023668639053254437
completed,llm_http,trendyol-llm-7b-chat-v4.1.0,gpu,one-shot,1771,TIME,0,127,4,0.0,0.0,0.0
completed,llm_http,trendyol-llm-7b-chat-v4.1.0,gpu,one-shot,1771,TITLE,0,11,153,0.0,0.0,0.0
completed,llm_http,trendyol-llm-7b-chat-v4.1.0,gpu,one-shot,1771,WORK_OF_ART,1,16,157,0.058823529411764705,0.006329113924050633,0.011428571428571429
completed,llm_http,trendyol-llm-7b-chat-v4.1.0,gpu,one-shot,2401,CARDINAL,1,22,239,0.043478260869565216,0.004166666666666667,0.007604562737642586
completed,llm_http,trendyol-llm-7b-chat-v4.1.0,gpu,one-shot,2401,DATE,4,329,339,0.012012012012012012,0.011661807580174927,0.01183431952662722
completed,llm_http,trendyol-llm-7b-chat-v4.1.0,gpu,one-shot,2401,EVENT,1,246,94,0.004048582995951417,0.010526315789473684,0.0058479532163742695
completed,llm_http,trendyol-llm-7b-chat-v4.1.0,gpu,one-shot,2401,FAC,0,6,46,0.0,0.0,0.0
completed,llm_http,trendyol-llm-7b-chat-v4.1.0,gpu,one-shot,2401,GPE,1,35,565,0.027777777777777776,0.0017667844522968198,0.0033222591362126247
completed,llm_http,trendyol-llm-7b-chat-v4.1.0,gpu,one-shot,2401,LANGUAGE,0,0,29,0.0,0.0,0.0
completed,llm_http,trendyol-llm-7b-chat-v4.1.0,gpu,one-shot,2401,LAW,0,2,6,0.0,0.0,0.0
completed,llm_http,trendyol-llm-7b-chat-v4.1.0,gpu,one-shot,2401,LOC,0,520,50,0.0,0.0,0.0
completed,llm_http,trendyol-llm-7b-chat-v4.1.0,gpu,one-shot,2401,MONEY,1,6,4,0.14285714285714285,0.2,0.16666666666666666
completed,llm_http,trendyol-llm-7b-chat-v4.1.0,gpu,one-shot,2401,NORP,2,109,210,0.018018018018018018,0.009433962264150943,0.012383900928792569
completed,llm_http,trendyol-llm-7b-chat-v4.1.0,gpu,one-shot,2401,ORDINAL,2,59,102,0.03278688524590164,0.019230769230769232,0.024242424242424246
completed,llm_http,trendyol-llm-7b-chat-v4.1.0,gpu,one-shot,2401,ORG,11,961,239,0.01131687242798354,0.044,0.018003273322422256
completed,llm_http,trendyol-llm-7b-chat-v4.1.0,gpu,one-shot,2401,PERCENT,0,2,4,0.0,0.0,0.0
completed,llm_http,trendyol-llm-7b-chat-v4.1.0,gpu,one-shot,2401,PERSON,41,930,613,0.042224510813594233,0.06269113149847094,0.05046153846153846
completed,llm_http,trendyol-llm-7b-chat-v4.1.0,gpu,one-shot,2401,PRODUCT,0,0,61,0.0,0.0,0.0
completed,llm_http,trendyol-llm-7b-chat-v4.1.0,gpu,one-shot,2401,QUANTITY,0,146,36,0.0,0.0,0.0
completed,llm_http,trendyol-llm-7b-chat-v4.1.0,gpu,one-shot,2401,TIME,0,114,4,0.0,0.0,0.0
completed,llm_http,trendyol-llm-7b-chat-v4.1.0,gpu,one-shot,2401,TITLE,0,46,153,0.0,0.0,0.0
completed,llm_http,trendyol-llm-7b-chat-v4.1.0,gpu,one-shot,2401,WORK_OF_ART,0,31,158,0.0,0.0,0.0
completed,llm_http,trendyol-llm-7b-chat-v4.1.0,gpu,one-shot,42,CARDINAL,4,10,236,0.2857142857142857,0.016666666666666666,0.031496062992125984
completed,llm_http,trendyol-llm-7b-chat-v4.1.0,gpu,one-shot,42,DATE,12,213,331,0.05333333333333334,0.03498542274052478,0.04225352112676057
completed,llm_http,trendyol-llm-7b-chat-v4.1.0,gpu,one-shot,42,EVENT,0,222,95,0.0,0.0,0.0
completed,llm_http,trendyol-llm-7b-chat-v4.1.0,gpu,one-shot,42,FAC,0,10,46,0.0,0.0,0.0
completed,llm_http,trendyol-llm-7b-chat-v4.1.0,gpu,one-shot,42,GPE,3,89,563,0.03260869565217391,0.00530035335689046,0.00911854103343465
completed,llm_http,trendyol-llm-7b-chat-v4.1.0,gpu,one-shot,42,LANGUAGE,0,0,29,0.0,0.0,0.0
completed,llm_http,trendyol-llm-7b-chat-v4.1.0,gpu,one-shot,42,LAW,0,1,6,0.0,0.0,0.0
completed,llm_http,trendyol-llm-7b-chat-v4.1.0,gpu,one-shot,42,LOC,0,475,50,0.0,0.0,0.0
completed,llm_http,trendyol-llm-7b-chat-v4.1.0,gpu,one-shot,42,MONEY,0,1,5,0.0,0.0,0.0
completed,llm_http,trendyol-llm-7b-chat-v4.1.0,gpu,one-shot,42,NORP,2,25,210,0.07407407407407407,0.009433962264150943,0.01673640167364017
completed,llm_http,trendyol-llm-7b-chat-v4.1.0,gpu,one-shot,42,ORDINAL,10,31,94,0.24390243902439024,0.09615384615384616,0.13793103448275865
completed,llm_http,trendyol-llm-7b-chat-v4.1.0,gpu,one-shot,42,ORG,14,357,236,0.03773584905660377,0.056,0.04508856682769726
completed,llm_http,trendyol-llm-7b-chat-v4.1.0,gpu,one-shot,42,PERCENT,0,5,4,0.0,0.0,0.0
completed,llm_http,trendyol-llm-7b-chat-v4.1.0,gpu,one-shot,42,PERSON,124,1333,530,0.0851063829787234,0.18960244648318042,0.11747986736144006
completed,llm_http,trendyol-llm-7b-chat-v4.1.0,gpu,one-shot,42,PRODUCT,0,0,61,0.0,0.0,0.0
completed,llm_http,trendyol-llm-7b-chat-v4.1.0,gpu,one-shot,42,QUANTITY,0,49,36,0.0,0.0,0.0
completed,llm_http,trendyol-llm-7b-chat-v4.1.0,gpu,one-shot,42,TIME,1,59,3,0.016666666666666666,0.25,0.03125
completed,llm_http,trendyol-llm-7b-chat-v4.1.0,gpu,one-shot,42,TITLE,0,9,153,0.0,0.0,0.0
completed,llm_http,trendyol-llm-7b-chat-v4.1.0,gpu,one-shot,42,WORK_OF_ART,0,8,158,0.0,0.0,0.0
completed,llm_http,trendyol-llm-7b-chat-v4.1.0,gpu,three-shot,1771,CARDINAL,0,7,240,0.0,0.0,0.0
completed,llm_http,trendyol-llm-7b-chat-v4.1.0,gpu,three-shot,1771,DATE,9,325,334,0.02694610778443114,0.026239067055393587,0.026587887740029542
completed,llm_http,trendyol-llm-7b-chat-v4.1.0,gpu,three-shot,1771,EVENT,3,560,92,0.0053285968028419185,0.031578947368421054,0.009118541033434652
completed,llm_http,trendyol-llm-7b-chat-v4.1.0,gpu,three-shot,1771,FAC,0,0,46,0.0,0.0,0.0
completed,llm_http,trendyol-llm-7b-chat-v4.1.0,gpu,three-shot,1771,GPE,2,44,564,0.043478260869565216,0.0035335689045936395,0.006535947712418301
completed,llm_http,trendyol-llm-7b-chat-v4.1.0,gpu,three-shot,1771,LANGUAGE,0,2,29,0.0,0.0,0.0
completed,llm_http,trendyol-llm-7b-chat-v4.1.0,gpu,three-shot,1771,LAW,0,2,6,0.0,0.0,0.0
completed,llm_http,trendyol-llm-7b-chat-v4.1.0,gpu,three-shot,1771,LOC,1,484,49,0.002061855670103093,0.02,0.0037383177570093455
completed,llm_http,trendyol-llm-7b-chat-v4.1.0,gpu,three-shot,1771,MONEY,0,4,5,0.0,0.0,0.0
completed,llm_http,trendyol-llm-7b-chat-v4.1.0,gpu,three-shot,1771,NORP,10,541,202,0.018148820326678767,0.04716981132075472,0.026212319790301444
completed,llm_http,trendyol-llm-7b-chat-v4.1.0,gpu,three-shot,1771,ORDINAL,1,62,103,0.015873015873015872,0.009615384615384616,0.011976047904191617
completed,llm_http,trendyol-llm-7b-chat-v4.1.0,gpu,three-shot,1771,ORG,11,375,239,0.02849740932642487,0.044,0.03459119496855346
completed,llm_http,trendyol-llm-7b-chat-v4.1.0,gpu,three-shot,1771,PERCENT,0,1,4,0.0,0.0,0.0
completed,llm_http,trendyol-llm-7b-chat-v4.1.0,gpu,three-shot,1771,PERSON,78,936,576,0.07692307692307693,0.11926605504587157,0.09352517985611511
completed,llm_http,trendyol-llm-7b-chat-v4.1.0,gpu,three-shot,1771,PRODUCT,0,0,61,0.0,0.0,0.0
completed,llm_http,trendyol-llm-7b-chat-v4.1.0,gpu,three-shot,1771,QUANTITY,0,106,36,0.0,0.0,0.0
completed,llm_http,trendyol-llm-7b-chat-v4.1.0,gpu,three-shot,1771,TIME,0,75,4,0.0,0.0,0.0
completed,llm_http,trendyol-llm-7b-chat-v4.1.0,gpu,three-shot,1771,TITLE,2,123,151,0.016,0.013071895424836602,0.014388489208633093
completed,llm_http,trendyol-llm-7b-chat-v4.1.0,gpu,three-shot,1771,WORK_OF_ART,0,9,158,0.0,0.0,0.0
completed,llm_http,trendyol-llm-7b-chat-v4.1.0,gpu,three-shot,2401,CARDINAL,4,5,236,0.4444444444444444,0.016666666666666666,0.0321285140562249
completed,llm_http,trendyol-llm-7b-chat-v4.1.0,gpu,three-shot,2401,DATE,11,271,332,0.03900709219858156,0.03206997084548105,0.035199999999999995
completed,llm_http,trendyol-llm-7b-chat-v4.1.0,gpu,three-shot,2401,EVENT,2,376,93,0.005291005291005291,0.021052631578947368,0.008456659619450317
completed,llm_http,trendyol-llm-7b-chat-v4.1.0,gpu,three-shot,2401,FAC,0,0,46,0.0,0.0,0.0
completed,llm_http,trendyol-llm-7b-chat-v4.1.0,gpu,three-shot,2401,GPE,6,31,560,0.16216216216216217,0.01060070671378092,0.019900497512437814
completed,llm_http,trendyol-llm-7b-chat-v4.1.0,gpu,three-shot,2401,LANGUAGE,0,0,29,0.0,0.0,0.0
completed,llm_http,trendyol-llm-7b-chat-v4.1.0,gpu,three-shot,2401,LAW,0,3,6,0.0,0.0,0.0
completed,llm_http,trendyol-llm-7b-chat-v4.1.0,gpu,three-shot,2401,LOC,2,470,48,0.00423728813559322,0.04,0.007662835249042145
completed,llm_http,trendyol-llm-7b-chat-v4.1.0,gpu,three-shot,2401,MONEY,0,3,5,0.0,0.0,0.0
completed,llm_http,trendyol-llm-7b-chat-v4.1.0,gpu,three-shot,2401,NORP,21,984,191,0.020895522388059702,0.09905660377358491,0.03451109285127363
completed,llm_http,trendyol-llm-7b-chat-v4.1.0,gpu,three-shot,2401,ORDINAL,8,94,96,0.0784313725490196,0.07692307692307693,0.07766990291262137
completed,llm_http,trendyol-llm-7b-chat-v4.1.0,gpu,three-shot,2401,ORG,20,416,230,0.045871559633027525,0.08,0.05830903790087463
completed,llm_http,trendyol-llm-7b-chat-v4.1.0,gpu,three-shot,2401,PERCENT,0,2,4,0.0,0.0,0.0
completed,llm_http,trendyol-llm-7b-chat-v4.1.0,gpu,three-shot,2401,PERSON,80,406,574,0.1646090534979424,0.12232415902140673,0.14035087719298245
completed,llm_http,trendyol-llm-7b-chat-v4.1.0,gpu,three-shot,2401,PRODUCT,0,0,61,0.0,0.0,0.0
completed,llm_http,trendyol-llm-7b-chat-v4.1.0,gpu,three-shot,2401,QUANTITY,0,89,36,0.0,0.0,0.0
completed,llm_http,trendyol-llm-7b-chat-v4.1.0,gpu,three-shot,2401,TIME,0,121,4,0.0,0.0,0.0
completed,llm_http,trendyol-llm-7b-chat-v4.1.0,gpu,three-shot,2401,TITLE,5,160,148,0.030303030303030304,0.032679738562091505,0.03144654088050315
completed,llm_http,trendyol-llm-7b-chat-v4.1.0,gpu,three-shot,2401,WORK_OF_ART,0,14,158,0.0,0.0,0.0
completed,llm_http,trendyol-llm-7b-chat-v4.1.0,gpu,three-shot,42,CARDINAL,0,9,240,0.0,0.0,0.0
completed,llm_http,trendyol-llm-7b-chat-v4.1.0,gpu,three-shot,42,DATE,16,332,327,0.04597701149425287,0.04664723032069971,0.046309696092619396
completed,llm_http,trendyol-llm-7b-chat-v4.1.0,gpu,three-shot,42,EVENT,0,106,95,0.0,0.0,0.0
completed,llm_http,trendyol-llm-7b-chat-v4.1.0,gpu,three-shot,42,FAC,0,9,46,0.0,0.0,0.0
completed,llm_http,trendyol-llm-7b-chat-v4.1.0,gpu,three-shot,42,GPE,37,386,529,0.08747044917257683,0.06537102473498234,0.07482305358948434
completed,llm_http,trendyol-llm-7b-chat-v4.1.0,gpu,three-shot,42,LANGUAGE,0,0,29,0.0,0.0,0.0
completed,llm_http,trendyol-llm-7b-chat-v4.1.0,gpu,three-shot,42,LAW,0,1,6,0.0,0.0,0.0
completed,llm_http,trendyol-llm-7b-chat-v4.1.0,gpu,three-shot,42,LOC,1,419,49,0.002380952380952381,0.02,0.00425531914893617
completed,llm_http,trendyol-llm-7b-chat-v4.1.0,gpu,three-shot,42,MONEY,0,0,5,0.0,0.0,0.0
completed,llm_http,trendyol-llm-7b-chat-v4.1.0,gpu,three-shot,42,NORP,3,31,209,0.08823529411764706,0.014150943396226415,0.024390243902439025
completed,llm_http,trendyol-llm-7b-chat-v4.1.0,gpu,three-shot,42,ORDINAL,12,58,92,0.17142857142857143,0.11538461538461539,0.13793103448275865
completed,llm_http,trendyol-llm-7b-chat-v4.1.0,gpu,three-shot,42,ORG,20,364,230,0.052083333333333336,0.08,0.06309148264984227
completed,llm_http,trendyol-llm-7b-chat-v4.1.0,gpu,three-shot,42,PERCENT,0,1,4,0.0,0.0,0.0
completed,llm_http,trendyol-llm-7b-chat-v4.1.0,gpu,three-shot,42,PERSON,127,1073,527,0.10583333333333333,0.19418960244648317,0.13700107874865156
completed,llm_http,trendyol-llm-7b-chat-v4.1.0,gpu,three-shot,42,PRODUCT,0,0,61,0.0,0.0,0.0
completed,llm_http,trendyol-llm-7b-chat-v4.1.0,gpu,three-shot,42,QUANTITY,1,86,35,0.011494252873563218,0.027777777777777776,0.016260162601626015
completed,llm_http,trendyol-llm-7b-chat-v4.1.0,gpu,three-shot,42,TIME,0,87,4,0.0,0.0,0.0
completed,llm_http,trendyol-llm-7b-chat-v4.1.0,gpu,three-shot,42,TITLE,2,31,151,0.06060606060606061,0.013071895424836602,0.021505376344086023
completed,llm_http,trendyol-llm-7b-chat-v4.1.0,gpu,three-shot,42,WORK_OF_ART,6,66,152,0.08333333333333333,0.0379746835443038,0.052173913043478265
completed,llm_http,trendyol-llm-7b-chat-v4.1.0,gpu,zero-shot,fixed,CARDINAL,2,12,238,0.14285714285714285,0.008333333333333333,0.015748031496062992
completed,llm_http,trendyol-llm-7b-chat-v4.1.0,gpu,zero-shot,fixed,DATE,9,165,334,0.05172413793103448,0.026239067055393587,0.03481624758220503
completed,llm_http,trendyol-llm-7b-chat-v4.1.0,gpu,zero-shot,fixed,EVENT,0,70,95,0.0,0.0,0.0
completed,llm_http,trendyol-llm-7b-chat-v4.1.0,gpu,zero-shot,fixed,FAC,0,19,46,0.0,0.0,0.0
completed,llm_http,trendyol-llm-7b-chat-v4.1.0,gpu,zero-shot,fixed,GPE,6,103,560,0.05504587155963303,0.01060070671378092,0.017777777777777778
completed,llm_http,trendyol-llm-7b-chat-v4.1.0,gpu,zero-shot,fixed,LANGUAGE,0,0,29,0.0,0.0,0.0
completed,llm_http,trendyol-llm-7b-chat-v4.1.0,gpu,zero-shot,fixed,LAW,0,0,6,0.0,0.0,0.0
completed,llm_http,trendyol-llm-7b-chat-v4.1.0,gpu,zero-shot,fixed,LOC,0,370,50,0.0,0.0,0.0
completed,llm_http,trendyol-llm-7b-chat-v4.1.0,gpu,zero-shot,fixed,MONEY,0,1,5,0.0,0.0,0.0
completed,llm_http,trendyol-llm-7b-chat-v4.1.0,gpu,zero-shot,fixed,NORP,0,44,212,0.0,0.0,0.0
completed,llm_http,trendyol-llm-7b-chat-v4.1.0,gpu,zero-shot,fixed,ORDINAL,4,19,100,0.17391304347826086,0.038461538461538464,0.06299212598425197
completed,llm_http,trendyol-llm-7b-chat-v4.1.0,gpu,zero-shot,fixed,ORG,12,225,238,0.05063291139240506,0.048,0.049281314168377825
completed,llm_http,trendyol-llm-7b-chat-v4.1.0,gpu,zero-shot,fixed,PERCENT,0,4,4,0.0,0.0,0.0
completed,llm_http,trendyol-llm-7b-chat-v4.1.0,gpu,zero-shot,fixed,PERSON,108,924,546,0.10465116279069768,0.1651376146788991,0.12811387900355872
completed,llm_http,trendyol-llm-7b-chat-v4.1.0,gpu,zero-shot,fixed,PRODUCT,0,0,61,0.0,0.0,0.0
completed,llm_http,trendyol-llm-7b-chat-v4.1.0,gpu,zero-shot,fixed,QUANTITY,0,46,36,0.0,0.0,0.0
completed,llm_http,trendyol-llm-7b-chat-v4.1.0,gpu,zero-shot,fixed,TIME,1,58,3,0.01694915254237288,0.25,0.031746031746031744
completed,llm_http,trendyol-llm-7b-chat-v4.1.0,gpu,zero-shot,fixed,TITLE,0,5,153,0.0,0.0,0.0
completed,llm_http,trendyol-llm-7b-chat-v4.1.0,gpu,zero-shot,fixed,WORK_OF_ART,0,8,158,0.0,0.0,0.0
completed,transformer_http,dbmdz-bert-base-turkish-cased-wiki-tuned,cpu,fine-tuned,fixed,CARDINAL,165,20,75,0.8918918918918919,0.6875,0.7764705882352941
completed,transformer_http,dbmdz-bert-base-turkish-cased-wiki-tuned,cpu,fine-tuned,fixed,DATE,279,87,64,0.7622950819672131,0.8134110787172012,0.7870239774330042
completed,transformer_http,dbmdz-bert-base-turkish-cased-wiki-tuned,cpu,fine-tuned,fixed,EVENT,70,42,25,0.625,0.7368421052631579,0.6763285024154588
completed,transformer_http,dbmdz-bert-base-turkish-cased-wiki-tuned,cpu,fine-tuned,fixed,FAC,31,21,15,0.5961538461538461,0.6739130434782609,0.6326530612244897
completed,transformer_http,dbmdz-bert-base-turkish-cased-wiki-tuned,cpu,fine-tuned,fixed,GPE,467,94,99,0.8324420677361853,0.8250883392226148,0.8287488908606921
completed,transformer_http,dbmdz-bert-base-turkish-cased-wiki-tuned,cpu,fine-tuned,fixed,LANGUAGE,25,12,4,0.6756756756756757,0.8620689655172413,0.7575757575757576
completed,transformer_http,dbmdz-bert-base-turkish-cased-wiki-tuned,cpu,fine-tuned,fixed,LAW,3,2,3,0.6,0.5,0.5454545454545454
completed,transformer_http,dbmdz-bert-base-turkish-cased-wiki-tuned,cpu,fine-tuned,fixed,LOC,36,33,14,0.5217391304347826,0.72,0.6050420168067228
completed,transformer_http,dbmdz-bert-base-turkish-cased-wiki-tuned,cpu,fine-tuned,fixed,MONEY,4,0,1,1.0,0.8,0.888888888888889
completed,transformer_http,dbmdz-bert-base-turkish-cased-wiki-tuned,cpu,fine-tuned,fixed,NORP,174,61,38,0.7404255319148936,0.8207547169811321,0.7785234899328858
completed,transformer_http,dbmdz-bert-base-turkish-cased-wiki-tuned,cpu,fine-tuned,fixed,ORDINAL,84,22,20,0.7924528301886793,0.8076923076923077,0.7999999999999999
completed,transformer_http,dbmdz-bert-base-turkish-cased-wiki-tuned,cpu,fine-tuned,fixed,ORG,182,41,68,0.8161434977578476,0.728,0.7695560253699789
completed,transformer_http,dbmdz-bert-base-turkish-cased-wiki-tuned,cpu,fine-tuned,fixed,PERCENT,4,1,0,0.8,1.0,0.888888888888889
completed,transformer_http,dbmdz-bert-base-turkish-cased-wiki-tuned,cpu,fine-tuned,fixed,PERSON,608,49,46,0.9254185692541856,0.9296636085626911,0.9275362318840581
completed,transformer_http,dbmdz-bert-base-turkish-cased-wiki-tuned,cpu,fine-tuned,fixed,PRODUCT,37,13,24,0.74,0.6065573770491803,0.6666666666666666
completed,transformer_http,dbmdz-bert-base-turkish-cased-wiki-tuned,cpu,fine-tuned,fixed,QUANTITY,30,4,6,0.8823529411764706,0.8333333333333334,0.8571428571428571
completed,transformer_http,dbmdz-bert-base-turkish-cased-wiki-tuned,cpu,fine-tuned,fixed,TIME,1,5,3,0.16666666666666666,0.25,0.2
completed,transformer_http,dbmdz-bert-base-turkish-cased-wiki-tuned,cpu,fine-tuned,fixed,TITLE,69,46,84,0.6,0.45098039215686275,0.5149253731343283
completed,transformer_http,dbmdz-bert-base-turkish-cased-wiki-tuned,cpu,fine-tuned,fixed,WORK_OF_ART,122,31,36,0.7973856209150327,0.7721518987341772,0.7845659163987139
completed,transformer_http,dbmdz-bert-base-turkish-cased-wiki-tuned,gpu,fine-tuned,fixed,CARDINAL,165,20,75,0.8918918918918919,0.6875,0.7764705882352941
completed,transformer_http,dbmdz-bert-base-turkish-cased-wiki-tuned,gpu,fine-tuned,fixed,DATE,279,87,64,0.7622950819672131,0.8134110787172012,0.7870239774330042
completed,transformer_http,dbmdz-bert-base-turkish-cased-wiki-tuned,gpu,fine-tuned,fixed,EVENT,70,42,25,0.625,0.7368421052631579,0.6763285024154588
completed,transformer_http,dbmdz-bert-base-turkish-cased-wiki-tuned,gpu,fine-tuned,fixed,FAC,31,21,15,0.5961538461538461,0.6739130434782609,0.6326530612244897
completed,transformer_http,dbmdz-bert-base-turkish-cased-wiki-tuned,gpu,fine-tuned,fixed,GPE,467,94,99,0.8324420677361853,0.8250883392226148,0.8287488908606921
completed,transformer_http,dbmdz-bert-base-turkish-cased-wiki-tuned,gpu,fine-tuned,fixed,LANGUAGE,25,12,4,0.6756756756756757,0.8620689655172413,0.7575757575757576
completed,transformer_http,dbmdz-bert-base-turkish-cased-wiki-tuned,gpu,fine-tuned,fixed,LAW,3,2,3,0.6,0.5,0.5454545454545454
completed,transformer_http,dbmdz-bert-base-turkish-cased-wiki-tuned,gpu,fine-tuned,fixed,LOC,36,33,14,0.5217391304347826,0.72,0.6050420168067228
completed,transformer_http,dbmdz-bert-base-turkish-cased-wiki-tuned,gpu,fine-tuned,fixed,MONEY,4,0,1,1.0,0.8,0.888888888888889
completed,transformer_http,dbmdz-bert-base-turkish-cased-wiki-tuned,gpu,fine-tuned,fixed,NORP,174,61,38,0.7404255319148936,0.8207547169811321,0.7785234899328858
completed,transformer_http,dbmdz-bert-base-turkish-cased-wiki-tuned,gpu,fine-tuned,fixed,ORDINAL,84,22,20,0.7924528301886793,0.8076923076923077,0.7999999999999999
completed,transformer_http,dbmdz-bert-base-turkish-cased-wiki-tuned,gpu,fine-tuned,fixed,ORG,182,41,68,0.8161434977578476,0.728,0.7695560253699789
completed,transformer_http,dbmdz-bert-base-turkish-cased-wiki-tuned,gpu,fine-tuned,fixed,PERCENT,4,1,0,0.8,1.0,0.888888888888889
completed,transformer_http,dbmdz-bert-base-turkish-cased-wiki-tuned,gpu,fine-tuned,fixed,PERSON,608,49,46,0.9254185692541856,0.9296636085626911,0.9275362318840581
completed,transformer_http,dbmdz-bert-base-turkish-cased-wiki-tuned,gpu,fine-tuned,fixed,PRODUCT,37,13,24,0.74,0.6065573770491803,0.6666666666666666
completed,transformer_http,dbmdz-bert-base-turkish-cased-wiki-tuned,gpu,fine-tuned,fixed,QUANTITY,30,4,6,0.8823529411764706,0.8333333333333334,0.8571428571428571
completed,transformer_http,dbmdz-bert-base-turkish-cased-wiki-tuned,gpu,fine-tuned,fixed,TIME,1,5,3,0.16666666666666666,0.25,0.2
completed,transformer_http,dbmdz-bert-base-turkish-cased-wiki-tuned,gpu,fine-tuned,fixed,TITLE,69,46,84,0.6,0.45098039215686275,0.5149253731343283
completed,transformer_http,dbmdz-bert-base-turkish-cased-wiki-tuned,gpu,fine-tuned,fixed,WORK_OF_ART,122,31,36,0.7973856209150327,0.7721518987341772,0.7845659163987139
completed,transformer_http,dbmdz-distilbert-base-turkish-cased-wiki-tuned,cpu,fine-tuned,fixed,CARDINAL,155,27,85,0.8516483516483516,0.6458333333333334,0.7345971563981043
completed,transformer_http,dbmdz-distilbert-base-turkish-cased-wiki-tuned,cpu,fine-tuned,fixed,DATE,262,102,81,0.7197802197802198,0.7638483965014577,0.7411598302687412
completed,transformer_http,dbmdz-distilbert-base-turkish-cased-wiki-tuned,cpu,fine-tuned,fixed,EVENT,66,51,29,0.5641025641025641,0.6947368421052632,0.6226415094339622
completed,transformer_http,dbmdz-distilbert-base-turkish-cased-wiki-tuned,cpu,fine-tuned,fixed,FAC,30,22,16,0.5769230769230769,0.6521739130434783,0.6122448979591837
completed,transformer_http,dbmdz-distilbert-base-turkish-cased-wiki-tuned,cpu,fine-tuned,fixed,GPE,476,118,90,0.8013468013468014,0.8409893992932862,0.8206896551724138
completed,transformer_http,dbmdz-distilbert-base-turkish-cased-wiki-tuned,cpu,fine-tuned,fixed,LANGUAGE,18,15,11,0.5454545454545454,0.6206896551724138,0.5806451612903226
completed,transformer_http,dbmdz-distilbert-base-turkish-cased-wiki-tuned,cpu,fine-tuned,fixed,LAW,0,0,6,0.0,0.0,0.0
completed,transformer_http,dbmdz-distilbert-base-turkish-cased-wiki-tuned,cpu,fine-tuned,fixed,LOC,27,25,23,0.5192307692307693,0.54,0.5294117647058824
completed,transformer_http,dbmdz-distilbert-base-turkish-cased-wiki-tuned,cpu,fine-tuned,fixed,MONEY,2,2,3,0.5,0.4,0.4444444444444445
completed,transformer_http,dbmdz-distilbert-base-turkish-cased-wiki-tuned,cpu,fine-tuned,fixed,NORP,160,63,52,0.7174887892376681,0.7547169811320755,0.735632183908046
completed,transformer_http,dbmdz-distilbert-base-turkish-cased-wiki-tuned,cpu,fine-tuned,fixed,ORDINAL,75,15,29,0.8333333333333334,0.7211538461538461,0.7731958762886597
completed,transformer_http,dbmdz-distilbert-base-turkish-cased-wiki-tuned,cpu,fine-tuned,fixed,ORG,162,53,88,0.7534883720930232,0.648,0.6967741935483872
completed,transformer_http,dbmdz-distilbert-base-turkish-cased-wiki-tuned,cpu,fine-tuned,fixed,PERCENT,2,3,2,0.4,0.5,0.4444444444444445
completed,transformer_http,dbmdz-distilbert-base-turkish-cased-wiki-tuned,cpu,fine-tuned,fixed,PERSON,580,102,74,0.8504398826979472,0.8868501529051988,0.8682634730538923
completed,transformer_http,dbmdz-distilbert-base-turkish-cased-wiki-tuned,cpu,fine-tuned,fixed,PRODUCT,36,20,25,0.6428571428571429,0.5901639344262295,0.6153846153846154
completed,transformer_http,dbmdz-distilbert-base-turkish-cased-wiki-tuned,cpu,fine-tuned,fixed,QUANTITY,28,8,8,0.7777777777777778,0.7777777777777778,0.7777777777777778
completed,transformer_http,dbmdz-distilbert-base-turkish-cased-wiki-tuned,cpu,fine-tuned,fixed,TIME,0,1,4,0.0,0.0,0.0
completed,transformer_http,dbmdz-distilbert-base-turkish-cased-wiki-tuned,cpu,fine-tuned,fixed,TITLE,59,43,94,0.5784313725490197,0.38562091503267976,0.4627450980392157
completed,transformer_http,dbmdz-distilbert-base-turkish-cased-wiki-tuned,cpu,fine-tuned,fixed,WORK_OF_ART,106,61,52,0.6347305389221557,0.6708860759493671,0.6523076923076924
completed,transformer_http,dbmdz-distilbert-base-turkish-cased-wiki-tuned,gpu,fine-tuned,fixed,CARDINAL,155,27,85,0.8516483516483516,0.6458333333333334,0.7345971563981043
completed,transformer_http,dbmdz-distilbert-base-turkish-cased-wiki-tuned,gpu,fine-tuned,fixed,DATE,262,102,81,0.7197802197802198,0.7638483965014577,0.7411598302687412
completed,transformer_http,dbmdz-distilbert-base-turkish-cased-wiki-tuned,gpu,fine-tuned,fixed,EVENT,66,51,29,0.5641025641025641,0.6947368421052632,0.6226415094339622
completed,transformer_http,dbmdz-distilbert-base-turkish-cased-wiki-tuned,gpu,fine-tuned,fixed,FAC,30,22,16,0.5769230769230769,0.6521739130434783,0.6122448979591837
completed,transformer_http,dbmdz-distilbert-base-turkish-cased-wiki-tuned,gpu,fine-tuned,fixed,GPE,476,118,90,0.8013468013468014,0.8409893992932862,0.8206896551724138
completed,transformer_http,dbmdz-distilbert-base-turkish-cased-wiki-tuned,gpu,fine-tuned,fixed,LANGUAGE,18,15,11,0.5454545454545454,0.6206896551724138,0.5806451612903226
completed,transformer_http,dbmdz-distilbert-base-turkish-cased-wiki-tuned,gpu,fine-tuned,fixed,LAW,0,0,6,0.0,0.0,0.0
completed,transformer_http,dbmdz-distilbert-base-turkish-cased-wiki-tuned,gpu,fine-tuned,fixed,LOC,27,25,23,0.5192307692307693,0.54,0.5294117647058824
completed,transformer_http,dbmdz-distilbert-base-turkish-cased-wiki-tuned,gpu,fine-tuned,fixed,MONEY,2,2,3,0.5,0.4,0.4444444444444445
completed,transformer_http,dbmdz-distilbert-base-turkish-cased-wiki-tuned,gpu,fine-tuned,fixed,NORP,160,63,52,0.7174887892376681,0.7547169811320755,0.735632183908046
completed,transformer_http,dbmdz-distilbert-base-turkish-cased-wiki-tuned,gpu,fine-tuned,fixed,ORDINAL,75,15,29,0.8333333333333334,0.7211538461538461,0.7731958762886597
completed,transformer_http,dbmdz-distilbert-base-turkish-cased-wiki-tuned,gpu,fine-tuned,fixed,ORG,162,53,88,0.7534883720930232,0.648,0.6967741935483872
completed,transformer_http,dbmdz-distilbert-base-turkish-cased-wiki-tuned,gpu,fine-tuned,fixed,PERCENT,2,3,2,0.4,0.5,0.4444444444444445
completed,transformer_http,dbmdz-distilbert-base-turkish-cased-wiki-tuned,gpu,fine-tuned,fixed,PERSON,580,102,74,0.8504398826979472,0.8868501529051988,0.8682634730538923
completed,transformer_http,dbmdz-distilbert-base-turkish-cased-wiki-tuned,gpu,fine-tuned,fixed,PRODUCT,36,20,25,0.6428571428571429,0.5901639344262295,0.6153846153846154
completed,transformer_http,dbmdz-distilbert-base-turkish-cased-wiki-tuned,gpu,fine-tuned,fixed,QUANTITY,28,8,8,0.7777777777777778,0.7777777777777778,0.7777777777777778
completed,transformer_http,dbmdz-distilbert-base-turkish-cased-wiki-tuned,gpu,fine-tuned,fixed,TIME,0,1,4,0.0,0.0,0.0
completed,transformer_http,dbmdz-distilbert-base-turkish-cased-wiki-tuned,gpu,fine-tuned,fixed,TITLE,59,43,94,0.5784313725490197,0.38562091503267976,0.4627450980392157
completed,transformer_http,dbmdz-distilbert-base-turkish-cased-wiki-tuned,gpu,fine-tuned,fixed,WORK_OF_ART,106,61,52,0.6347305389221557,0.6708860759493671,0.6523076923076924
