status,approach,model_slug,device_profile,prompt_strategy,seed,component,count,mean_ms,median_ms,p90_ms,p95_ms,p99_ms,min_ms,max_ms
completed,llm_http,aya-expanse-8b,gpu,one-shot,1771,client_e2e,1000,1474.4788314330003,1319.3872595,2615.9732641000005,3206.7836827999986,4619.763014999999,96.703976,5214.486635
completed,llm_http,aya-expanse-8b,gpu,one-shot,1771,client_generation_after_first_token,1000,1422.994094278999,1267.783852,2563.7393233000007,3154.306926449999,4561.323847979998,52.530955000000006,5152.069176
completed,llm_http,aya-expanse-8b,gpu,one-shot,1771,client_output_tokens_per_second,1000,72.17866829330052,72.73319076926796,73.63559482235269,73.75955270181883,74.04140469988074,43.398029611413,74.18204841474834
completed,llm_http,aya-expanse-8b,gpu,one-shot,1771,client_ttft,1000,51.48473715400002,51.633927,53.993018700000015,61.9383919,62.63514979,39.60977,63.548254
completed,llm_http,aya-expanse-8b,gpu,one-shot,1771,server_decode,0,,,,,,,
completed,llm_http,aya-expanse-8b,gpu,one-shot,1771,server_generation,0,,,,,,,
completed,llm_http,aya-expanse-8b,gpu,one-shot,1771,server_inference,0,,,,,,,
completed,llm_http,aya-expanse-8b,gpu,one-shot,1771,server_mean_itl,0,,,,,,,
completed,llm_http,aya-expanse-8b,gpu,one-shot,1771,server_prefill,0,,,,,,,
completed,llm_http,aya-expanse-8b,gpu,one-shot,1771,server_queue,0,,,,,,,
completed,llm_http,aya-expanse-8b,gpu,one-shot,1771,server_tokens_per_second,0,,,,,,,
completed,llm_http,aya-expanse-8b,gpu,one-shot,1771,server_ttft,0,,,,,,,
completed,llm_http,aya-expanse-8b,gpu,one-shot,2401,client_e2e,1000,1260.9507354110006,1090.4950285,2295.9060015000005,2802.7894478999992,3566.63713793,103.974341,4544.944689
completed,llm_http,aya-expanse-8b,gpu,one-shot,2401,client_generation_after_first_token,1000,1204.5533887530003,1038.6552265,2234.3304919,2740.8777770999995,3504.1484678599995,52.294261000000006,4482.175646
completed,llm_http,aya-expanse-8b,gpu,one-shot,2401,client_output_tokens_per_second,1000,71.16659571356452,72.16706575248278,73.30390498470712,73.49903653174047,73.75812443118586,41.723750668445774,73.97262454863483
completed,llm_http,aya-expanse-8b,gpu,one-shot,2401,client_ttft,1000,56.39734665800001,52.5639805,62.3714703,62.6475443,66.53008605999999,47.07834,67.042796
completed,llm_http,aya-expanse-8b,gpu,one-shot,2401,server_decode,0,,,,,,,
completed,llm_http,aya-expanse-8b,gpu,one-shot,2401,server_generation,0,,,,,,,
completed,llm_http,aya-expanse-8b,gpu,one-shot,2401,server_inference,0,,,,,,,
completed,llm_http,aya-expanse-8b,gpu,one-shot,2401,server_mean_itl,0,,,,,,,
completed,llm_http,aya-expanse-8b,gpu,one-shot,2401,server_prefill,0,,,,,,,
completed,llm_http,aya-expanse-8b,gpu,one-shot,2401,server_queue,0,,,,,,,
completed,llm_http,aya-expanse-8b,gpu,one-shot,2401,server_tokens_per_second,0,,,,,,,
completed,llm_http,aya-expanse-8b,gpu,one-shot,2401,server_ttft,0,,,,,,,
completed,llm_http,aya-expanse-8b,gpu,one-shot,42,client_e2e,1000,1128.825388744999,814.6990745,2129.2798984,2765.911704499999,4772.781635089999,100.671879,5216.401807
completed,llm_http,aya-expanse-8b,gpu,one-shot,42,client_generation_after_first_token,1000,1073.729464494999,763.4906920000001,2070.019678,2703.5313410499984,4709.588571099999,52.393176000000004,5153.412466
completed,llm_http,aya-expanse-8b,gpu,one-shot,42,client_output_tokens_per_second,1000,70.12632331200125,71.1291941232943,72.93049172156799,73.20102135954546,73.58822730311289,41.40038216858381,73.82825475369847
completed,llm_http,aya-expanse-8b,gpu,one-shot,42,client_ttft,1000,55.09592425000005,52.365325999999996,62.546264,62.8338642,63.6602565,46.951835,67.24159
completed,llm_http,aya-expanse-8b,gpu,one-shot,42,server_decode,0,,,,,,,
completed,llm_http,aya-expanse-8b,gpu,one-shot,42,server_generation,0,,,,,,,
completed,llm_http,aya-expanse-8b,gpu,one-shot,42,server_inference,0,,,,,,,
completed,llm_http,aya-expanse-8b,gpu,one-shot,42,server_mean_itl,0,,,,,,,
completed,llm_http,aya-expanse-8b,gpu,one-shot,42,server_prefill,0,,,,,,,
completed,llm_http,aya-expanse-8b,gpu,one-shot,42,server_queue,0,,,,,,,
completed,llm_http,aya-expanse-8b,gpu,one-shot,42,server_tokens_per_second,0,,,,,,,
completed,llm_http,aya-expanse-8b,gpu,one-shot,42,server_ttft,0,,,,,,,
completed,llm_http,aya-expanse-8b,gpu,three-shot,1771,client_e2e,1000,2346.5734461690026,2025.6866915,4344.483847300002,5221.364474149999,5228.69163146,399.957084,5230.909763
completed,llm_http,aya-expanse-8b,gpu,three-shot,1771,client_generation_after_first_token,1000,2264.9124352780022,1942.8512145,4259.296403400001,5137.6404978499995,5139.23246596,320.972734,5140.591372999999
completed,llm_http,aya-expanse-8b,gpu,three-shot,1771,client_output_tokens_per_second,1000,71.72400077522337,72.17407609116239,73.33897701305874,73.47798888655147,73.55625814938875,62.304787717475705,73.62023964990397
completed,llm_http,aya-expanse-8b,gpu,three-shot,1771,client_ttft,1000,81.66101089099982,82.58744899999999,83.9292441,86.2763086,89.74692319,74.534429,90.527389
completed,llm_http,aya-expanse-8b,gpu,three-shot,1771,server_decode,0,,,,,,,
completed,llm_http,aya-expanse-8b,gpu,three-shot,1771,server_generation,0,,,,,,,
completed,llm_http,aya-expanse-8b,gpu,three-shot,1771,server_inference,0,,,,,,,
completed,llm_http,aya-expanse-8b,gpu,three-shot,1771,server_mean_itl,0,,,,,,,
completed,llm_http,aya-expanse-8b,gpu,three-shot,1771,server_prefill,0,,,,,,,
completed,llm_http,aya-expanse-8b,gpu,three-shot,1771,server_queue,0,,,,,,,
completed,llm_http,aya-expanse-8b,gpu,three-shot,1771,server_tokens_per_second,0,,,,,,,
completed,llm_http,aya-expanse-8b,gpu,three-shot,1771,server_ttft,0,,,,,,,
completed,llm_http,aya-expanse-8b,gpu,three-shot,2401,client_e2e,1000,1974.1380515699993,1686.9143490000001,3647.437656200001,4518.743056149998,5216.97268114,120.186916,5220.921444
completed,llm_http,aya-expanse-8b,gpu,three-shot,2401,client_generation_after_first_token,1000,1898.630005752998,1619.1749020000002,3568.4396984000014,4439.3866488999965,5134.38492754,52.75727599999999,5137.183453
completed,llm_http,aya-expanse-8b,gpu,three-shot,2401,client_output_tokens_per_second,1000,71.41395358883338,71.92801040950448,73.29750290500749,73.48895314117716,73.67031567749589,38.0387193689979,73.6961437865195
completed,llm_http,aya-expanse-8b,gpu,three-shot,2401,client_ttft,1000,75.50804581699995,78.08264750000001,79.37727530000001,82.31764395,83.1473968,63.166212,84.150381
completed,llm_http,aya-expanse-8b,gpu,three-shot,2401,server_decode,0,,,,,,,
completed,llm_http,aya-expanse-8b,gpu,three-shot,2401,server_generation,0,,,,,,,
completed,llm_http,aya-expanse-8b,gpu,three-shot,2401,server_inference,0,,,,,,,
completed,llm_http,aya-expanse-8b,gpu,three-shot,2401,server_mean_itl,0,,,,,,,
completed,llm_http,aya-expanse-8b,gpu,three-shot,2401,server_prefill,0,,,,,,,
completed,llm_http,aya-expanse-8b,gpu,three-shot,2401,server_queue,0,,,,,,,
completed,llm_http,aya-expanse-8b,gpu,three-shot,2401,server_tokens_per_second,0,,,,,,,
completed,llm_http,aya-expanse-8b,gpu,three-shot,2401,server_ttft,0,,,,,,,
completed,llm_http,aya-expanse-8b,gpu,three-shot,42,client_e2e,1000,1736.4211431220012,1409.3824559999998,3378.6696358,4176.09449315,5230.19561521,135.187264,5233.34755
completed,llm_http,aya-expanse-8b,gpu,three-shot,42,client_generation_after_first_token,1000,1652.5321109799993,1326.1560279999999,3288.6397592,4091.18832285,5140.101481920001,51.8819,5142.407362999999
completed,llm_http,aya-expanse-8b,gpu,three-shot,42,client_output_tokens_per_second,1000,69.95964025669812,70.95663341104984,72.97395560870827,73.2587733616177,73.4403246444194,34.748705079080615,73.55573396805312
completed,llm_http,aya-expanse-8b,gpu,three-shot,42,client_ttft,1000,83.88903214199995,83.303522,89.41685229999999,89.7866394,90.68612019999999,75.00624,91.201352
completed,llm_http,aya-expanse-8b,gpu,three-shot,42,server_decode,0,,,,,,,
completed,llm_http,aya-expanse-8b,gpu,three-shot,42,server_generation,0,,,,,,,
completed,llm_http,aya-expanse-8b,gpu,three-shot,42,server_inference,0,,,,,,,
completed,llm_http,aya-expanse-8b,gpu,three-shot,42,server_mean_itl,0,,,,,,,
completed,llm_http,aya-expanse-8b,gpu,three-shot,42,server_prefill,0,,,,,,,
completed,llm_http,aya-expanse-8b,gpu,three-shot,42,server_queue,0,,,,,,,
completed,llm_http,aya-expanse-8b,gpu,three-shot,42,server_tokens_per_second,0,,,,,,,
completed,llm_http,aya-expanse-8b,gpu,three-shot,42,server_ttft,0,,,,,,,
completed,llm_http,aya-expanse-8b,gpu,zero-shot,fixed,client_e2e,1000,1747.331284127002,1687.2189250000001,2960.4195673000004,3509.253120349999,5176.47616715,144.407028,5196.580578
completed,llm_http,aya-expanse-8b,gpu,zero-shot,fixed,client_generation_after_first_token,1000,1703.3931062609988,1641.8219064999998,2914.9011441000002,3458.031717899999,5132.828752830001,106.05763200000001,5144.469233
completed,llm_http,aya-expanse-8b,gpu,zero-shot,fixed,client_output_tokens_per_second,1000,73.1151819866552,73.45912961930894,74.02676619607287,74.09349513889394,74.21842384409013,59.90579135377317,74.33250542014046
completed,llm_http,aya-expanse-8b,gpu,zero-shot,fixed,client_ttft,1000,43.93817786600006,44.0763375,48.2084088,51.686037649999996,52.21937676,33.30478,53.541694
completed,llm_http,aya-expanse-8b,gpu,zero-shot,fixed,server_decode,0,,,,,,,
completed,llm_http,aya-expanse-8b,gpu,zero-shot,fixed,server_generation,0,,,,,,,
completed,llm_http,aya-expanse-8b,gpu,zero-shot,fixed,server_inference,0,,,,,,,
completed,llm_http,aya-expanse-8b,gpu,zero-shot,fixed,server_mean_itl,0,,,,,,,
completed,llm_http,aya-expanse-8b,gpu,zero-shot,fixed,server_prefill,0,,,,,,,
completed,llm_http,aya-expanse-8b,gpu,zero-shot,fixed,server_queue,0,,,,,,,
completed,llm_http,aya-expanse-8b,gpu,zero-shot,fixed,server_tokens_per_second,0,,,,,,,
completed,llm_http,aya-expanse-8b,gpu,zero-shot,fixed,server_ttft,0,,,,,,,
completed,llm_http,gemma-3-12b-it,gpu,one-shot,1771,client_e2e,1000,1611.5504211140008,1227.8413165000002,3250.7506111000007,4132.2770756,5489.3074907499995,138.049397,7972.039293
completed,llm_http,gemma-3-12b-it,gpu,one-shot,1771,client_generation_after_first_token,1000,1529.0278131699997,1148.329006,3155.013928800001,4038.04530415,5414.45885461,79.74098300000001,7897.287259
completed,llm_http,gemma-3-12b-it,gpu,one-shot,1771,client_output_tokens_per_second,1000,44.657922564101696,46.63069502366446,47.65969622314378,47.795803054645084,47.96375369410244,28.315375061777065,48.16835264938778
completed,llm_http,gemma-3-12b-it,gpu,one-shot,1771,client_ttft,1000,82.522607944,83.640905,93.97081940000001,95.07783805000001,96.24801381999998,56.679726,98.191343
completed,llm_http,gemma-3-12b-it,gpu,one-shot,1771,server_decode,0,,,,,,,
completed,llm_http,gemma-3-12b-it,gpu,one-shot,1771,server_generation,0,,,,,,,
completed,llm_http,gemma-3-12b-it,gpu,one-shot,1771,server_inference,0,,,,,,,
completed,llm_http,gemma-3-12b-it,gpu,one-shot,1771,server_mean_itl,0,,,,,,,
completed,llm_http,gemma-3-12b-it,gpu,one-shot,1771,server_prefill,0,,,,,,,
completed,llm_http,gemma-3-12b-it,gpu,one-shot,1771,server_queue,0,,,,,,,
completed,llm_http,gemma-3-12b-it,gpu,one-shot,1771,server_tokens_per_second,0,,,,,,,
completed,llm_http,gemma-3-12b-it,gpu,one-shot,1771,server_ttft,0,,,,,,,
completed,llm_http,gemma-3-12b-it,gpu,one-shot,2401,client_e2e,1000,1586.4016296560014,1247.721293,3183.7232435,3976.8931092999987,5570.301762049999,153.978901,7976.136561
completed,llm_http,gemma-3-12b-it,gpu,one-shot,2401,client_generation_after_first_token,1000,1496.3800555159992,1151.949644,3088.9914573000005,3879.6345328999987,5472.087024089998,80.120235,7891.527542
completed,llm_http,gemma-3-12b-it,gpu,one-shot,2401,client_output_tokens_per_second,1000,43.93665148447033,46.151424959239236,47.437510126252825,47.582885772683966,47.804233024365956,26.48452222538995,48.143609009605065
completed,llm_http,gemma-3-12b-it,gpu,one-shot,2401,client_ttft,1000,90.02157414000001,93.59118749999999,96.8235836,97.86942225,105.50120903999999,71.668681,106.97213
completed,llm_http,gemma-3-12b-it,gpu,one-shot,2401,server_decode,0,,,,,,,
completed,llm_http,gemma-3-12b-it,gpu,one-shot,2401,server_generation,0,,,,,,,
completed,llm_http,gemma-3-12b-it,gpu,one-shot,2401,server_inference,0,,,,,,,
completed,llm_http,gemma-3-12b-it,gpu,one-shot,2401,server_mean_itl,0,,,,,,,
completed,llm_http,gemma-3-12b-it,gpu,one-shot,2401,server_prefill,0,,,,,,,
completed,llm_http,gemma-3-12b-it,gpu,one-shot,2401,server_queue,0,,,,,,,
completed,llm_http,gemma-3-12b-it,gpu,one-shot,2401,server_tokens_per_second,0,,,,,,,
completed,llm_http,gemma-3-12b-it,gpu,one-shot,2401,server_ttft,0,,,,,,,
completed,llm_http,gemma-3-12b-it,gpu,one-shot,42,client_e2e,1000,1672.1342805620004,1180.515326,3512.4285967,4589.406708299999,6100.13770134,153.266449,8031.488186
completed,llm_http,gemma-3-12b-it,gpu,one-shot,42,client_generation_after_first_token,1000,1584.3561130709963,1089.6664865,3419.0468022000005,4493.4599286,6003.80071314,80.077978,7924.860455
completed,llm_http,gemma-3-12b-it,gpu,one-shot,42,client_output_tokens_per_second,1000,44.36433519641032,46.07880976379492,47.60194558705538,47.752301817028034,47.91256851870316,26.738922079288958,48.06638329174903
completed,llm_http,gemma-3-12b-it,gpu,one-shot,42,client_ttft,1000,87.77816749099993,85.1374945,96.2265217,97.05217569999999,98.36474027999999,71.137171,106.627731
completed,llm_http,gemma-3-12b-it,gpu,one-shot,42,server_decode,0,,,,,,,
completed,llm_http,gemma-3-12b-it,gpu,one-shot,42,server_generation,0,,,,,,,
completed,llm_http,gemma-3-12b-it,gpu,one-shot,42,server_inference,0,,,,,,,
completed,llm_http,gemma-3-12b-it,gpu,one-shot,42,server_mean_itl,0,,,,,,,
completed,llm_http,gemma-3-12b-it,gpu,one-shot,42,server_prefill,0,,,,,,,
completed,llm_http,gemma-3-12b-it,gpu,one-shot,42,server_queue,0,,,,,,,
completed,llm_http,gemma-3-12b-it,gpu,one-shot,42,server_tokens_per_second,0,,,,,,,
completed,llm_http,gemma-3-12b-it,gpu,one-shot,42,server_ttft,0,,,,,,,
completed,llm_http,gemma-3-12b-it,gpu,three-shot,1771,client_e2e,1000,1688.6657358160019,1296.7566769999999,3322.4681914000007,4051.9873372999996,5390.598546889999,193.217624,8117.491441
completed,llm_http,gemma-3-12b-it,gpu,three-shot,1771,client_generation_after_first_token,1000,1551.868511818,1159.579498,3182.4412855000005,3910.0231516499994,5259.424280789999,80.255356,7966.204902
completed,llm_http,gemma-3-12b-it,gpu,three-shot,1771,client_output_tokens_per_second,1000,42.00755692091763,44.244425058591936,46.41642101643218,46.71326754066243,47.001182145914086,21.167755469682394,47.305254682559266
completed,llm_http,gemma-3-12b-it,gpu,three-shot,1771,client_ttft,1000,136.79722399799985,138.3616265,142.0131529,151.62536659999998,153.45915237,110.449172,156.882224
completed,llm_http,gemma-3-12b-it,gpu,three-shot,1771,server_decode,0,,,,,,,
completed,llm_http,gemma-3-12b-it,gpu,three-shot,1771,server_generation,0,,,,,,,
completed,llm_http,gemma-3-12b-it,gpu,three-shot,1771,server_inference,0,,,,,,,
completed,llm_http,gemma-3-12b-it,gpu,three-shot,1771,server_mean_itl,0,,,,,,,
completed,llm_http,gemma-3-12b-it,gpu,three-shot,1771,server_prefill,0,,,,,,,
completed,llm_http,gemma-3-12b-it,gpu,three-shot,1771,server_queue,0,,,,,,,
completed,llm_http,gemma-3-12b-it,gpu,three-shot,1771,server_tokens_per_second,0,,,,,,,
completed,llm_http,gemma-3-12b-it,gpu,three-shot,1771,server_ttft,0,,,,,,,
completed,llm_http,gemma-3-12b-it,gpu,three-shot,2401,client_e2e,1000,1840.7597015799993,1631.3577854999999,3583.0931380000006,4248.6701299999995,5662.127483109999,179.231906,7554.349973
completed,llm_http,gemma-3-12b-it,gpu,three-shot,2401,client_generation_after_first_token,1000,1721.4061913170024,1510.6432415,3462.2596815000006,4112.2148146499985,5523.24146626,80.31120800000001,7416.931885
completed,llm_http,gemma-3-12b-it,gpu,three-shot,2401,client_output_tokens_per_second,1000,42.70176081049515,45.48203843955978,46.90332173508628,47.06992776025774,47.28106360185072,22.6184284287987,47.45684844883515
completed,llm_http,gemma-3-12b-it,gpu,three-shot,2401,client_ttft,1000,119.35351026299985,119.50662349999999,127.48600640000001,137.72185274999998,139.51622977,97.267681,141.75039
completed,llm_http,gemma-3-12b-it,gpu,three-shot,2401,server_decode,0,,,,,,,
completed,llm_http,gemma-3-12b-it,gpu,three-shot,2401,server_generation,0,,,,,,,
completed,llm_http,gemma-3-12b-it,gpu,three-shot,2401,server_inference,0,,,,,,,
completed,llm_http,gemma-3-12b-it,gpu,three-shot,2401,server_mean_itl,0,,,,,,,
completed,llm_http,gemma-3-12b-it,gpu,three-shot,2401,server_prefill,0,,,,,,,
completed,llm_http,gemma-3-12b-it,gpu,three-shot,2401,server_queue,0,,,,,,,
completed,llm_http,gemma-3-12b-it,gpu,three-shot,2401,server_tokens_per_second,0,,,,,,,
completed,llm_http,gemma-3-12b-it,gpu,three-shot,2401,server_ttft,0,,,,,,,
completed,llm_http,gemma-3-12b-it,gpu,three-shot,42,client_e2e,1000,1574.0071325119984,1236.3276165000002,3102.0763979999997,3751.9801763,5350.432716619999,203.880935,8122.021164
completed,llm_http,gemma-3-12b-it,gpu,three-shot,42,client_generation_after_first_token,1000,1432.2688267390008,1097.950403,2951.4749511,3598.453594949999,5198.117193089999,80.31243600000002,7966.417358
completed,llm_http,gemma-3-12b-it,gpu,three-shot,42,client_output_tokens_per_second,1000,41.10704856986515,43.6680221613621,46.23298178943537,46.540203108118206,46.93186294858924,20.323453782693893,47.27887212385501
completed,llm_http,gemma-3-12b-it,gpu,three-shot,42,client_ttft,1000,141.73830577299995,139.983994,152.58535519999998,153.58026075,155.34224777999998,122.47519,165.729757
completed,llm_http,gemma-3-12b-it,gpu,three-shot,42,server_decode,0,,,,,,,
completed,llm_http,gemma-3-12b-it,gpu,three-shot,42,server_generation,0,,,,,,,
completed,llm_http,gemma-3-12b-it,gpu,three-shot,42,server_inference,0,,,,,,,
completed,llm_http,gemma-3-12b-it,gpu,three-shot,42,server_mean_itl,0,,,,,,,
completed,llm_http,gemma-3-12b-it,gpu,three-shot,42,server_prefill,0,,,,,,,
completed,llm_http,gemma-3-12b-it,gpu,three-shot,42,server_queue,0,,,,,,,
completed,llm_http,gemma-3-12b-it,gpu,three-shot,42,server_tokens_per_second,0,,,,,,,
completed,llm_http,gemma-3-12b-it,gpu,three-shot,42,server_ttft,0,,,,,,,
completed,llm_http,gemma-3-12b-it,gpu,zero-shot,fixed,client_e2e,1000,1204.730153105999,640.5031939999999,2897.2601429,3639.8619820999993,5289.4956258600005,134.446608,7906.131528
completed,llm_http,gemma-3-12b-it,gpu,zero-shot,fixed,client_generation_after_first_token,1000,1136.6917894820008,572.097472,2828.5401138,3555.1615693499994,5213.84240695,80.35888399999999,7823.080634
completed,llm_http,gemma-3-12b-it,gpu,zero-shot,fixed,client_output_tokens_per_second,1000,44.83502928596707,45.50212034477728,47.98057960999084,48.10700218168882,48.27199993172942,30.046205355057058,48.405184489689624
completed,llm_http,gemma-3-12b-it,gpu,zero-shot,fixed,client_ttft,1000,68.0383636240001,67.244135,73.76451720000001,83.22346049999999,84.20933564,52.315213,87.537217
completed,llm_http,gemma-3-12b-it,gpu,zero-shot,fixed,server_decode,0,,,,,,,
completed,llm_http,gemma-3-12b-it,gpu,zero-shot,fixed,server_generation,0,,,,,,,
completed,llm_http,gemma-3-12b-it,gpu,zero-shot,fixed,server_inference,0,,,,,,,
completed,llm_http,gemma-3-12b-it,gpu,zero-shot,fixed,server_mean_itl,0,,,,,,,
completed,llm_http,gemma-3-12b-it,gpu,zero-shot,fixed,server_prefill,0,,,,,,,
completed,llm_http,gemma-3-12b-it,gpu,zero-shot,fixed,server_queue,0,,,,,,,
completed,llm_http,gemma-3-12b-it,gpu,zero-shot,fixed,server_tokens_per_second,0,,,,,,,
completed,llm_http,gemma-3-12b-it,gpu,zero-shot,fixed,server_ttft,0,,,,,,,
completed,llm_http,gemma-3-4b-it,gpu,one-shot,1771,client_e2e,1000,1192.0873478869996,971.1785950000001,2472.1072984000007,3120.9759364,3128.0854069699994,232.295855,3131.006912
completed,llm_http,gemma-3-4b-it,gpu,one-shot,1771,client_generation_after_first_token,1000,1149.4925631630006,930.0339335,2430.214717800001,3078.07101185,3085.3828948500004,190.099054,3088.505578
completed,llm_http,gemma-3-4b-it,gpu,one-shot,1771,client_output_tokens_per_second,1000,119.52482063435095,120.6527955881503,122.7563477786136,122.8865640973474,123.02684072436878,107.45459366453734,123.16545910658584
completed,llm_http,gemma-3-4b-it,gpu,one-shot,1771,client_ttft,1000,42.59478472400001,42.2272665,44.506622,45.22617665,47.0723408,40.129566,53.271592
completed,llm_http,gemma-3-4b-it,gpu,one-shot,1771,server_decode,0,,,,,,,
completed,llm_http,gemma-3-4b-it,gpu,one-shot,1771,server_generation,0,,,,,,,
completed,llm_http,gemma-3-4b-it,gpu,one-shot,1771,server_inference,0,,,,,,,
completed,llm_http,gemma-3-4b-it,gpu,one-shot,1771,server_mean_itl,0,,,,,,,
completed,llm_http,gemma-3-4b-it,gpu,one-shot,1771,server_prefill,0,,,,,,,
completed,llm_http,gemma-3-4b-it,gpu,one-shot,1771,server_queue,0,,,,,,,
completed,llm_http,gemma-3-4b-it,gpu,one-shot,1771,server_tokens_per_second,0,,,,,,,
completed,llm_http,gemma-3-4b-it,gpu,one-shot,1771,server_ttft,0,,,,,,,
completed,llm_http,gemma-3-4b-it,gpu,one-shot,2401,client_e2e,1000,614.2419633659991,476.0711655,1178.4818165000001,1452.5482620999996,2177.5792026099994,71.973436,3135.573769
completed,llm_http,gemma-3-4b-it,gpu,one-shot,2401,client_generation_after_first_token,1000,571.1181291180001,433.353257,1133.8562369,1409.9389280499997,2135.9546314899994,29.831551999999995,3091.480176
completed,llm_http,gemma-3-4b-it,gpu,one-shot,2401,client_output_tokens_per_second,1000,112.49457283644006,115.84457971943712,120.56070725834473,121.32082793897683,122.1564010892372,60.4880795234362,122.8068287440704
completed,llm_http,gemma-3-4b-it,gpu,one-shot,2401,client_ttft,1000,43.12383424800001,42.8137445,44.8963793,45.81267605,47.56275485,40.651954,52.360618
completed,llm_http,gemma-3-4b-it,gpu,one-shot,2401,server_decode,0,,,,,,,
completed,llm_http,gemma-3-4b-it,gpu,one-shot,2401,server_generation,0,,,,,,,
completed,llm_http,gemma-3-4b-it,gpu,one-shot,2401,server_inference,0,,,,,,,
completed,llm_http,gemma-3-4b-it,gpu,one-shot,2401,server_mean_itl,0,,,,,,,
completed,llm_http,gemma-3-4b-it,gpu,one-shot,2401,server_prefill,0,,,,,,,
completed,llm_http,gemma-3-4b-it,gpu,one-shot,2401,server_queue,0,,,,,,,
completed,llm_http,gemma-3-4b-it,gpu,one-shot,2401,server_tokens_per_second,0,,,,,,,
completed,llm_http,gemma-3-4b-it,gpu,one-shot,2401,server_ttft,0,,,,,,,
completed,llm_http,gemma-3-4b-it,gpu,one-shot,42,client_e2e,1000,649.8340009829994,481.9529605,1207.3503246,1596.0428008999997,2839.7407335099997,71.771453,3134.199141
completed,llm_http,gemma-3-4b-it,gpu,one-shot,42,client_generation_after_first_token,1000,607.1527977789998,439.8244605,1165.4857517000003,1553.1793839499996,2796.80580046,30.24362,3089.787961
completed,llm_http,gemma-3-4b-it,gpu,one-shot,42,client_output_tokens_per_second,1000,115.19879999301749,116.22354086435081,120.85770024458307,121.63024371297391,122.54576547794052,66.11829300498742,122.90885065999854
completed,llm_http,gemma-3-4b-it,gpu,one-shot,42,client_ttft,1000,42.68120320399994,42.305221,44.3528244,45.17968745,47.70759451,40.416906,54.708443
completed,llm_http,gemma-3-4b-it,gpu,one-shot,42,server_decode,0,,,,,,,
completed,llm_http,gemma-3-4b-it,gpu,one-shot,42,server_generation,0,,,,,,,
completed,llm_http,gemma-3-4b-it,gpu,one-shot,42,server_inference,0,,,,,,,
completed,llm_http,gemma-3-4b-it,gpu,one-shot,42,server_mean_itl,0,,,,,,,
completed,llm_http,gemma-3-4b-it,gpu,one-shot,42,server_prefill,0,,,,,,,
completed,llm_http,gemma-3-4b-it,gpu,one-shot,42,server_queue,0,,,,,,,
completed,llm_http,gemma-3-4b-it,gpu,one-shot,42,server_tokens_per_second,0,,,,,,,
completed,llm_http,gemma-3-4b-it,gpu,one-shot,42,server_ttft,0,,,,,,,
completed,llm_http,gemma-3-4b-it,gpu,three-shot,1771,client_e2e,1000,936.293645665,801.2612165,1720.2251716,2201.7971100499994,3172.9513062,241.497074,3181.338913
completed,llm_http,gemma-3-4b-it,gpu,three-shot,1771,client_generation_after_first_token,1000,884.1786743519999,749.6050935000001,1662.8774747,2144.721641899999,3120.43327256,192.329437,3123.5899299999996
completed,llm_http,gemma-3-4b-it,gpu,three-shot,1771,client_output_tokens_per_second,1000,115.67298778190937,116.75011194906693,119.77639767763038,120.23801900307923,120.79124999586533,102.25499002919773,121.13000810492555
completed,llm_http,gemma-3-4b-it,gpu,three-shot,1771,client_ttft,1000,52.114971312999984,51.5723995,55.620619100000006,57.295052150000004,58.31998729999999,48.477135,61.259998
completed,llm_http,gemma-3-4b-it,gpu,three-shot,1771,server_decode,0,,,,,,,
completed,llm_http,gemma-3-4b-it,gpu,three-shot,1771,server_generation,0,,,,,,,
completed,llm_http,gemma-3-4b-it,gpu,three-shot,1771,server_inference,0,,,,,,,
completed,llm_http,gemma-3-4b-it,gpu,three-shot,1771,server_mean_itl,0,,,,,,,
completed,llm_http,gemma-3-4b-it,gpu,three-shot,1771,server_prefill,0,,,,,,,
completed,llm_http,gemma-3-4b-it,gpu,three-shot,1771,server_queue,0,,,,,,,
completed,llm_http,gemma-3-4b-it,gpu,three-shot,1771,server_tokens_per_second,0,,,,,,,
completed,llm_http,gemma-3-4b-it,gpu,three-shot,1771,server_ttft,0,,,,,,,
completed,llm_http,gemma-3-4b-it,gpu,three-shot,2401,client_e2e,1000,1095.7435601880009,871.968447,2044.3527185,2545.1081795999985,3166.9992385200003,235.374867,3173.435007
completed,llm_http,gemma-3-4b-it,gpu,three-shot,2401,client_generation_after_first_token,1000,1047.0976332259995,822.9202455,1994.832292,2494.3813816999987,3114.70188604,192.153418,3121.566142
completed,llm_http,gemma-3-4b-it,gpu,three-shot,2401,client_output_tokens_per_second,1000,117.64148041785295,118.36782558892358,120.9252088877336,121.21261481026373,121.50043528559559,102.03183877408794,121.62621227922067
completed,llm_http,gemma-3-4b-it,gpu,three-shot,2401,client_ttft,1000,48.64592696199995,48.780197,51.1933448,51.9070937,53.38162407000001,42.761407,56.280134
completed,llm_http,gemma-3-4b-it,gpu,three-shot,2401,server_decode,0,,,,,,,
completed,llm_http,gemma-3-4b-it,gpu,three-shot,2401,server_generation,0,,,,,,,
completed,llm_http,gemma-3-4b-it,gpu,three-shot,2401,server_inference,0,,,,,,,
completed,llm_http,gemma-3-4b-it,gpu,three-shot,2401,server_mean_itl,0,,,,,,,
completed,llm_http,gemma-3-4b-it,gpu,three-shot,2401,server_prefill,0,,,,,,,
completed,llm_http,gemma-3-4b-it,gpu,three-shot,2401,server_queue,0,,,,,,,
completed,llm_http,gemma-3-4b-it,gpu,three-shot,2401,server_tokens_per_second,0,,,,,,,
completed,llm_http,gemma-3-4b-it,gpu,three-shot,2401,server_ttft,0,,,,,,,
completed,llm_http,gemma-3-4b-it,gpu,three-shot,42,client_e2e,1000,773.8801173410003,617.974253,1461.0416868000002,1795.35644605,2978.611495819999,243.209346,3183.119564
completed,llm_http,gemma-3-4b-it,gpu,three-shot,42,client_generation_after_first_token,1000,720.2036013550002,564.8802430000001,1402.2805431000002,1742.2731016999999,2920.671040019999,191.94312000000002,3123.059051
completed,llm_http,gemma-3-4b-it,gpu,three-shot,42,client_output_tokens_per_second,1000,113.56705894287437,114.53006471798678,118.81383371293013,119.55182040964321,120.62306055900284,99.01892392928676,121.03643720557679
completed,llm_http,gemma-3-4b-it,gpu,three-shot,42,client_ttft,1000,53.676515986000005,52.4297385,57.972033499999995,58.66400425,60.103088359999994,49.657237,61.168253
completed,llm_http,gemma-3-4b-it,gpu,three-shot,42,server_decode,0,,,,,,,
completed,llm_http,gemma-3-4b-it,gpu,three-shot,42,server_generation,0,,,,,,,
completed,llm_http,gemma-3-4b-it,gpu,three-shot,42,server_inference,0,,,,,,,
completed,llm_http,gemma-3-4b-it,gpu,three-shot,42,server_mean_itl,0,,,,,,,
completed,llm_http,gemma-3-4b-it,gpu,three-shot,42,server_prefill,0,,,,,,,
completed,llm_http,gemma-3-4b-it,gpu,three-shot,42,server_queue,0,,,,,,,
completed,llm_http,gemma-3-4b-it,gpu,three-shot,42,server_tokens_per_second,0,,,,,,,
completed,llm_http,gemma-3-4b-it,gpu,three-shot,42,server_ttft,0,,,,,,,
completed,llm_http,gemma-3-4b-it,gpu,zero-shot,fixed,client_e2e,1000,748.1467664039999,599.6492685000001,1379.5696478,2571.401952949999,3110.50733029,230.603583,3116.184632
completed,llm_http,gemma-3-4b-it,gpu,zero-shot,fixed,client_generation_after_first_token,1000,705.9742403399996,557.0764214999999,1336.9811916000003,2528.873715449999,3066.6598624400003,188.989102,3074.249958
completed,llm_http,gemma-3-4b-it,gpu,zero-shot,fixed,client_output_tokens_per_second,1000,117.0673396363184,118.67793766627972,122.25534535438362,123.18036341143292,123.71800474102474,105.89792118144803,123.89389114919669
completed,llm_http,gemma-3-4b-it,gpu,zero-shot,fixed,client_ttft,1000,42.172526064,41.8238755,43.8127161,44.56142824999999,46.555450220000004,40.096183,52.968613
completed,llm_http,gemma-3-4b-it,gpu,zero-shot,fixed,server_decode,0,,,,,,,
completed,llm_http,gemma-3-4b-it,gpu,zero-shot,fixed,server_generation,0,,,,,,,
completed,llm_http,gemma-3-4b-it,gpu,zero-shot,fixed,server_inference,0,,,,,,,
completed,llm_http,gemma-3-4b-it,gpu,zero-shot,fixed,server_mean_itl,0,,,,,,,
completed,llm_http,gemma-3-4b-it,gpu,zero-shot,fixed,server_prefill,0,,,,,,,
completed,llm_http,gemma-3-4b-it,gpu,zero-shot,fixed,server_queue,0,,,,,,,
completed,llm_http,gemma-3-4b-it,gpu,zero-shot,fixed,server_tokens_per_second,0,,,,,,,
completed,llm_http,gemma-3-4b-it,gpu,zero-shot,fixed,server_ttft,0,,,,,,,
completed,llm_http,phi-4-mini-instruct,gpu,one-shot,1771,client_e2e,1000,1116.0442522750004,1002.913484,2180.0394355,2782.1726824999996,2995.65434793,59.918391,3005.764964
completed,llm_http,phi-4-mini-instruct,gpu,one-shot,1771,client_generation_after_first_token,1000,1083.6904110510006,970.3349135000001,2148.9996306000003,2750.4328815000003,2964.3704371999997,28.453469,2972.3289360000003
completed,llm_http,phi-4-mini-instruct,gpu,one-shot,1771,client_output_tokens_per_second,1000,122.52084053857443,128.584414704172,129.3918484494236,129.58063469090047,129.8023518178341,70.97782472471924,129.9794447652841
completed,llm_http,phi-4-mini-instruct,gpu,one-shot,1771,client_ttft,1000,32.35384122399994,31.9153395,34.1892656,34.8927268,37.52370653,30.374942,48.015948
completed,llm_http,phi-4-mini-instruct,gpu,one-shot,1771,server_decode,0,,,,,,,
completed,llm_http,phi-4-mini-instruct,gpu,one-shot,1771,server_generation,0,,,,,,,
completed,llm_http,phi-4-mini-instruct,gpu,one-shot,1771,server_inference,0,,,,,,,
completed,llm_http,phi-4-mini-instruct,gpu,one-shot,1771,server_mean_itl,0,,,,,,,
completed,llm_http,phi-4-mini-instruct,gpu,one-shot,1771,server_prefill,0,,,,,,,
completed,llm_http,phi-4-mini-instruct,gpu,one-shot,1771,server_queue,0,,,,,,,
completed,llm_http,phi-4-mini-instruct,gpu,one-shot,1771,server_tokens_per_second,0,,,,,,,
completed,llm_http,phi-4-mini-instruct,gpu,one-shot,1771,server_ttft,0,,,,,,,
completed,llm_http,phi-4-mini-instruct,gpu,one-shot,2401,client_e2e,1000,662.1532943020005,396.3857405,1773.1290915,2292.4414979999992,3010.33002457,59.672608,3039.902595
completed,llm_http,phi-4-mini-instruct,gpu,one-shot,2401,client_generation_after_first_token,1000,629.5392542950002,364.2041325,1738.6256583000002,2258.738099149999,2976.5945378,28.244415000000004,3003.693155
completed,llm_http,phi-4-mini-instruct,gpu,one-shot,2401,client_output_tokens_per_second,1000,106.67594585713184,124.15342093884533,128.29458311932657,128.5520653155206,128.9008736927282,73.0797584591209,129.16318571345667
completed,llm_http,phi-4-mini-instruct,gpu,one-shot,2401,client_ttft,1000,32.614040006999986,32.329188,34.5304661,35.19839400000001,36.7816396,30.046505,39.175071
completed,llm_http,phi-4-mini-instruct,gpu,one-shot,2401,server_decode,0,,,,,,,
completed,llm_http,phi-4-mini-instruct,gpu,one-shot,2401,server_generation,0,,,,,,,
completed,llm_http,phi-4-mini-instruct,gpu,one-shot,2401,server_inference,0,,,,,,,
completed,llm_http,phi-4-mini-instruct,gpu,one-shot,2401,server_mean_itl,0,,,,,,,
completed,llm_http,phi-4-mini-instruct,gpu,one-shot,2401,server_prefill,0,,,,,,,
completed,llm_http,phi-4-mini-instruct,gpu,one-shot,2401,server_queue,0,,,,,,,
completed,llm_http,phi-4-mini-instruct,gpu,one-shot,2401,server_tokens_per_second,0,,,,,,,
completed,llm_http,phi-4-mini-instruct,gpu,one-shot,2401,server_ttft,0,,,,,,,
completed,llm_http,phi-4-mini-instruct,gpu,one-shot,42,client_e2e,1000,817.8235637450007,371.98300200000006,2451.04542,2994.63079845,3013.9549907600003,59.936803,3020.862752
completed,llm_http,phi-4-mini-instruct,gpu,one-shot,42,client_generation_after_first_token,1000,785.1940511629994,339.6396035,2418.6750621,2961.5107683,2980.20202379,28.246283,2986.740482
completed,llm_http,phi-4-mini-instruct,gpu,one-shot,42,client_output_tokens_per_second,998,106.77716635634732,123.69606184012184,128.82865372832498,129.02935437192602,129.23496402948595,72.12659301858722,129.4422718210218
completed,llm_http,phi-4-mini-instruct,gpu,one-shot,42,client_ttft,1000,32.62951258200001,32.218363499999995,34.503542200000005,35.45694045,36.85930644,30.287737,44.379858
completed,llm_http,phi-4-mini-instruct,gpu,one-shot,42,server_decode,0,,,,,,,
completed,llm_http,phi-4-mini-instruct,gpu,one-shot,42,server_generation,0,,,,,,,
completed,llm_http,phi-4-mini-instruct,gpu,one-shot,42,server_inference,0,,,,,,,
completed,llm_http,phi-4-mini-instruct,gpu,one-shot,42,server_mean_itl,0,,,,,,,
completed,llm_http,phi-4-mini-instruct,gpu,one-shot,42,server_prefill,0,,,,,,,
completed,llm_http,phi-4-mini-instruct,gpu,one-shot,42,server_queue,0,,,,,,,
completed,llm_http,phi-4-mini-instruct,gpu,one-shot,42,server_tokens_per_second,0,,,,,,,
completed,llm_http,phi-4-mini-instruct,gpu,one-shot,42,server_ttft,0,,,,,,,
completed,llm_http,phi-4-mini-instruct,gpu,three-shot,1771,client_e2e,1000,738.6990948749994,85.107663,2136.5998222000003,2661.7275721499996,3147.98162759,74.730915,3155.817991
completed,llm_http,phi-4-mini-instruct,gpu,three-shot,1771,client_generation_after_first_token,1000,692.6484602549997,38.55280449999999,2090.5524539000003,2615.6292754499996,3100.7921376100003,28.702445999999995,3109.248259
completed,llm_http,phi-4-mini-instruct,gpu,three-shot,1771,client_output_tokens_per_second,1000,92.40522227529787,72.07091201848519,122.66140788108241,122.83826989521863,123.11404386273267,61.71256159931905,123.58642240286171
completed,llm_http,phi-4-mini-instruct,gpu,three-shot,1771,client_ttft,1000,46.050634620000004,45.898075000000006,47.352151600000006,47.92661105,48.95314950000001,43.763271,51.014131
completed,llm_http,phi-4-mini-instruct,gpu,three-shot,1771,server_decode,0,,,,,,,
completed,llm_http,phi-4-mini-instruct,gpu,three-shot,1771,server_generation,0,,,,,,,
completed,llm_http,phi-4-mini-instruct,gpu,three-shot,1771,server_inference,0,,,,,,,
completed,llm_http,phi-4-mini-instruct,gpu,three-shot,1771,server_mean_itl,0,,,,,,,
completed,llm_http,phi-4-mini-instruct,gpu,three-shot,1771,server_prefill,0,,,,,,,
completed,llm_http,phi-4-mini-instruct,gpu,three-shot,1771,server_queue,0,,,,,,,
completed,llm_http,phi-4-mini-instruct,gpu,three-shot,1771,server_tokens_per_second,0,,,,,,,
completed,llm_http,phi-4-mini-instruct,gpu,three-shot,1771,server_ttft,0,,,,,,,
completed,llm_http,phi-4-mini-instruct,gpu,three-shot,2401,client_e2e,1000,862.5379683940002,591.5504115,2187.9663828000007,2737.2446496499997,3111.9247286400005,69.473843,3132.681409
completed,llm_http,phi-4-mini-instruct,gpu,three-shot,2401,client_generation_after_first_token,1000,819.7377516699997,550.9584995,2143.8125690000006,2692.2571335499997,3065.6443750599997,28.756347999999996,3086.823482
completed,llm_http,phi-4-mini-instruct,gpu,three-shot,2401,client_output_tokens_per_second,1000,101.21584993612755,121.03726786573435,124.19239457991736,124.43036176480784,124.61085432863277,64.94769009123746,124.83410467026255
completed,llm_http,phi-4-mini-instruct,gpu,three-shot,2401,client_ttft,1000,42.80021672399996,41.783718,46.4123407,47.04060355,47.79020251,38.862115,49.199704
completed,llm_http,phi-4-mini-instruct,gpu,three-shot,2401,server_decode,0,,,,,,,
completed,llm_http,phi-4-mini-instruct,gpu,three-shot,2401,server_generation,0,,,,,,,
completed,llm_http,phi-4-mini-instruct,gpu,three-shot,2401,server_inference,0,,,,,,,
completed,llm_http,phi-4-mini-instruct,gpu,three-shot,2401,server_mean_itl,0,,,,,,,
completed,llm_http,phi-4-mini-instruct,gpu,three-shot,2401,server_prefill,0,,,,,,,
completed,llm_http,phi-4-mini-instruct,gpu,three-shot,2401,server_queue,0,,,,,,,
completed,llm_http,phi-4-mini-instruct,gpu,three-shot,2401,server_tokens_per_second,0,,,,,,,
completed,llm_http,phi-4-mini-instruct,gpu,three-shot,2401,server_ttft,0,,,,,,,
completed,llm_http,phi-4-mini-instruct,gpu,three-shot,42,client_e2e,1000,482.33402597799983,84.1047205,1790.3784071000002,2239.829486999999,3146.12235299,74.398561,3175.283899
completed,llm_http,phi-4-mini-instruct,gpu,three-shot,42,client_generation_after_first_token,1000,436.3689309580003,38.261441500000004,1743.0864190000002,2194.399665049999,3101.1906414499995,28.772987,3125.649952
completed,llm_http,phi-4-mini-instruct,gpu,three-shot,42,client_output_tokens_per_second,1000,82.68318527323069,71.26300371695098,122.17087364633598,122.48106888455048,122.86013949286001,62.87311025593342,123.11284298507073
completed,llm_http,phi-4-mini-instruct,gpu,three-shot,42,client_ttft,1000,45.96509501999999,45.7979555,47.439378100000006,47.96075445,48.79404684,43.8208,49.787562
completed,llm_http,phi-4-mini-instruct,gpu,three-shot,42,server_decode,0,,,,,,,
completed,llm_http,phi-4-mini-instruct,gpu,three-shot,42,server_generation,0,,,,,,,
completed,llm_http,phi-4-mini-instruct,gpu,three-shot,42,server_inference,0,,,,,,,
completed,llm_http,phi-4-mini-instruct,gpu,three-shot,42,server_mean_itl,0,,,,,,,
completed,llm_http,phi-4-mini-instruct,gpu,three-shot,42,server_prefill,0,,,,,,,
completed,llm_http,phi-4-mini-instruct,gpu,three-shot,42,server_queue,0,,,,,,,
completed,llm_http,phi-4-mini-instruct,gpu,three-shot,42,server_tokens_per_second,0,,,,,,,
completed,llm_http,phi-4-mini-instruct,gpu,three-shot,42,server_ttft,0,,,,,,,
completed,llm_http,phi-4-mini-instruct,gpu,zero-shot,fixed,client_e2e,1000,1047.384694971999,663.0168189999999,2816.0308387000005,2946.8437004,2961.20612536,59.235021,2968.036768
completed,llm_http,phi-4-mini-instruct,gpu,zero-shot,fixed,client_generation_after_first_token,1000,1015.4929378069997,629.8459955,2784.3429347,2914.7376440000003,2929.2410945,28.047382,2936.418067
completed,llm_http,phi-4-mini-instruct,gpu,zero-shot,fixed,client_output_tokens_per_second,1000,121.93006108077167,129.16763922777892,130.95956058869953,131.16487286483346,131.55751521936708,74.48594049568487,131.78096284703904
completed,llm_http,phi-4-mini-instruct,gpu,zero-shot,fixed,client_ttft,1000,31.891757165000044,31.533758,33.4568251,34.32196055,36.73625912999999,29.680171,41.398855
completed,llm_http,phi-4-mini-instruct,gpu,zero-shot,fixed,server_decode,0,,,,,,,
completed,llm_http,phi-4-mini-instruct,gpu,zero-shot,fixed,server_generation,0,,,,,,,
completed,llm_http,phi-4-mini-instruct,gpu,zero-shot,fixed,server_inference,0,,,,,,,
completed,llm_http,phi-4-mini-instruct,gpu,zero-shot,fixed,server_mean_itl,0,,,,,,,
completed,llm_http,phi-4-mini-instruct,gpu,zero-shot,fixed,server_prefill,0,,,,,,,
completed,llm_http,phi-4-mini-instruct,gpu,zero-shot,fixed,server_queue,0,,,,,,,
completed,llm_http,phi-4-mini-instruct,gpu,zero-shot,fixed,server_tokens_per_second,0,,,,,,,
completed,llm_http,phi-4-mini-instruct,gpu,zero-shot,fixed,server_ttft,0,,,,,,,
completed,llm_http,qwen3-0.6b,gpu,one-shot,1771,client_e2e,1000,648.6365284110004,597.3165735,1075.3406629,1099.7976055,1131.91132543,95.524216,1154.17757
completed,llm_http,qwen3-0.6b,gpu,one-shot,1771,client_generation_after_first_token,1000,619.3863017049998,568.8836455000001,1045.6334993,1068.8052921,1102.74519474,67.249836,1125.3720620000001
completed,llm_http,qwen3-0.6b,gpu,one-shot,1771,client_output_tokens_per_second,1000,344.9058892773895,346.9316726851531,361.9131426245,364.2345486996972,368.19463316063263,272.18229145162525,372.4005210779379
completed,llm_http,qwen3-0.6b,gpu,one-shot,1771,client_ttft,1000,29.250226705999918,28.924817500000003,30.9295679,31.488187749999998,32.96569002,27.512042,34.814725
completed,llm_http,qwen3-0.6b,gpu,one-shot,1771,server_decode,0,,,,,,,
completed,llm_http,qwen3-0.6b,gpu,one-shot,1771,server_generation,0,,,,,,,
completed,llm_http,qwen3-0.6b,gpu,one-shot,1771,server_inference,0,,,,,,,
completed,llm_http,qwen3-0.6b,gpu,one-shot,1771,server_mean_itl,0,,,,,,,
completed,llm_http,qwen3-0.6b,gpu,one-shot,1771,server_prefill,0,,,,,,,
completed,llm_http,qwen3-0.6b,gpu,one-shot,1771,server_queue,0,,,,,,,
completed,llm_http,qwen3-0.6b,gpu,one-shot,1771,server_tokens_per_second,0,,,,,,,
completed,llm_http,qwen3-0.6b,gpu,one-shot,1771,server_ttft,0,,,,,,,
completed,llm_http,qwen3-0.6b,gpu,one-shot,2401,client_e2e,1000,461.6661358130004,363.13295949999997,1046.1862083,1074.9718825,1101.7884969400002,85.197215,1133.512818
completed,llm_http,qwen3-0.6b,gpu,one-shot,2401,client_generation_after_first_token,1000,431.9834477400005,335.034247,1017.0197935,1045.7362677,1070.89551736,56.763206,1104.1750359999999
completed,llm_http,qwen3-0.6b,gpu,one-shot,2401,client_output_tokens_per_second,1000,327.74289483038024,337.25190494474805,358.8791314499191,362.3997129466022,369.4469484149099,223.59117992419516,374.8422221732411
completed,llm_http,qwen3-0.6b,gpu,one-shot,2401,client_ttft,1000,29.68268807300005,29.3310485,31.4994002,32.1404697,33.701262439999994,27.369969,44.152895
completed,llm_http,qwen3-0.6b,gpu,one-shot,2401,server_decode,0,,,,,,,
completed,llm_http,qwen3-0.6b,gpu,one-shot,2401,server_generation,0,,,,,,,
completed,llm_http,qwen3-0.6b,gpu,one-shot,2401,server_inference,0,,,,,,,
completed,llm_http,qwen3-0.6b,gpu,one-shot,2401,server_mean_itl,0,,,,,,,
completed,llm_http,qwen3-0.6b,gpu,one-shot,2401,server_prefill,0,,,,,,,
completed,llm_http,qwen3-0.6b,gpu,one-shot,2401,server_queue,0,,,,,,,
completed,llm_http,qwen3-0.6b,gpu,one-shot,2401,server_tokens_per_second,0,,,,,,,
completed,llm_http,qwen3-0.6b,gpu,one-shot,2401,server_ttft,0,,,,,,,
completed,llm_http,qwen3-0.6b,gpu,one-shot,42,client_e2e,1000,229.75659924700003,105.8072435,621.0115857000001,869.4140926499997,1080.36451652,85.400725,1124.221701
completed,llm_http,qwen3-0.6b,gpu,one-shot,42,client_generation_after_first_token,1000,200.78241070100003,76.9452055,591.4644101000001,841.0870870999997,1051.05513952,56.868725,1095.5660209999999
completed,llm_http,qwen3-0.6b,gpu,one-shot,42,client_output_tokens_per_second,1000,296.4960390516118,282.28664882143727,351.90377716840555,359.76084084904454,366.67498873266646,236.29661722591447,370.34086060473334
completed,llm_http,qwen3-0.6b,gpu,one-shot,42,client_ttft,1000,28.974188546,28.655845499999998,30.5613045,31.3925454,32.83932172,26.629846,37.944671
completed,llm_http,qwen3-0.6b,gpu,one-shot,42,server_decode,0,,,,,,,
completed,llm_http,qwen3-0.6b,gpu,one-shot,42,server_generation,0,,,,,,,
completed,llm_http,qwen3-0.6b,gpu,one-shot,42,server_inference,0,,,,,,,
completed,llm_http,qwen3-0.6b,gpu,one-shot,42,server_mean_itl,0,,,,,,,
completed,llm_http,qwen3-0.6b,gpu,one-shot,42,server_prefill,0,,,,,,,
completed,llm_http,qwen3-0.6b,gpu,one-shot,42,server_queue,0,,,,,,,
completed,llm_http,qwen3-0.6b,gpu,one-shot,42,server_tokens_per_second,0,,,,,,,
completed,llm_http,qwen3-0.6b,gpu,one-shot,42,server_ttft,0,,,,,,,
completed,llm_http,qwen3-0.6b,gpu,three-shot,1771,client_e2e,1000,733.9646342670001,746.5017315,1081.7618031000002,1097.1378529,1124.9933000699998,90.587856,1141.888105
completed,llm_http,qwen3-0.6b,gpu,three-shot,1771,client_generation_after_first_token,1000,703.2613422580005,716.3148555,1050.5850217,1066.00027035,1093.1002801999998,60.432227,1111.991652
completed,llm_http,qwen3-0.6b,gpu,three-shot,1771,client_output_tokens_per_second,1000,347.9293090375641,352.11205903540883,363.25770711311986,365.1320741724765,369.28785968726305,248.32107020421552,373.7674147132525
completed,llm_http,qwen3-0.6b,gpu,three-shot,1771,client_ttft,1000,30.703292008999995,30.3091285,32.4813807,33.0573853,34.578756299999995,29.032753,42.761659
completed,llm_http,qwen3-0.6b,gpu,three-shot,1771,server_decode,0,,,,,,,
completed,llm_http,qwen3-0.6b,gpu,three-shot,1771,server_generation,0,,,,,,,
completed,llm_http,qwen3-0.6b,gpu,three-shot,1771,server_inference,0,,,,,,,
completed,llm_http,qwen3-0.6b,gpu,three-shot,1771,server_mean_itl,0,,,,,,,
completed,llm_http,qwen3-0.6b,gpu,three-shot,1771,server_prefill,0,,,,,,,
completed,llm_http,qwen3-0.6b,gpu,three-shot,1771,server_queue,0,,,,,,,
completed,llm_http,qwen3-0.6b,gpu,three-shot,1771,server_tokens_per_second,0,,,,,,,
completed,llm_http,qwen3-0.6b,gpu,three-shot,1771,server_ttft,0,,,,,,,
completed,llm_http,qwen3-0.6b,gpu,three-shot,2401,client_e2e,1000,480.3717840939996,371.54488249999997,1045.7781215,1072.1698577,1110.65648866,90.08406,1176.712763
completed,llm_http,qwen3-0.6b,gpu,three-shot,2401,client_generation_after_first_token,1000,450.06444097500025,341.23090850000006,1015.2325735000001,1040.4023836499998,1078.95415117,59.91959899999999,1144.201455
completed,llm_http,qwen3-0.6b,gpu,three-shot,2401,client_output_tokens_per_second,1000,333.84771442975574,338.2760346864867,359.95744486142326,363.1360113181954,367.0869852005552,246.52933145674032,374.57685398940384
completed,llm_http,qwen3-0.6b,gpu,three-shot,2401,client_ttft,1000,30.307343118999995,29.8938515,32.1162671,32.64280185,34.12256054,28.560075,42.303233
completed,llm_http,qwen3-0.6b,gpu,three-shot,2401,server_decode,0,,,,,,,
completed,llm_http,qwen3-0.6b,gpu,three-shot,2401,server_generation,0,,,,,,,
completed,llm_http,qwen3-0.6b,gpu,three-shot,2401,server_inference,0,,,,,,,
completed,llm_http,qwen3-0.6b,gpu,three-shot,2401,server_mean_itl,0,,,,,,,
completed,llm_http,qwen3-0.6b,gpu,three-shot,2401,server_prefill,0,,,,,,,
completed,llm_http,qwen3-0.6b,gpu,three-shot,2401,server_queue,0,,,,,,,
completed,llm_http,qwen3-0.6b,gpu,three-shot,2401,server_tokens_per_second,0,,,,,,,
completed,llm_http,qwen3-0.6b,gpu,three-shot,2401,server_ttft,0,,,,,,,
completed,llm_http,qwen3-0.6b,gpu,three-shot,42,client_e2e,1000,311.36681910700014,217.5440575,715.4072933,955.3610352999998,1080.55142614,86.552177,1124.372147
completed,llm_http,qwen3-0.6b,gpu,three-shot,42,client_generation_after_first_token,1000,280.75106064300013,187.523032,684.6469075,925.3873048999998,1050.3332204399999,56.892072999999996,1094.473375
completed,llm_http,qwen3-0.6b,gpu,three-shot,42,client_output_tokens_per_second,1000,315.36321643245424,322.374008514974,352.2036221831224,357.2957225014267,365.28851731289274,236.3223771620654,369.37439051782695
completed,llm_http,qwen3-0.6b,gpu,three-shot,42,client_ttft,1000,30.615758464000034,30.267226,32.3617159,32.92283235,34.43377367,28.646584,40.484165
completed,llm_http,qwen3-0.6b,gpu,three-shot,42,server_decode,0,,,,,,,
completed,llm_http,qwen3-0.6b,gpu,three-shot,42,server_generation,0,,,,,,,
completed,llm_http,qwen3-0.6b,gpu,three-shot,42,server_inference,0,,,,,,,
completed,llm_http,qwen3-0.6b,gpu,three-shot,42,server_mean_itl,0,,,,,,,
completed,llm_http,qwen3-0.6b,gpu,three-shot,42,server_prefill,0,,,,,,,
completed,llm_http,qwen3-0.6b,gpu,three-shot,42,server_queue,0,,,,,,,
completed,llm_http,qwen3-0.6b,gpu,three-shot,42,server_tokens_per_second,0,,,,,,,
completed,llm_http,qwen3-0.6b,gpu,three-shot,42,server_ttft,0,,,,,,,
completed,llm_http,qwen3-0.6b,gpu,zero-shot,fixed,client_e2e,1000,146.7379204010005,99.98272,120.01109699999999,127.68954439999999,1086.34329849,86.818033,1133.423337
completed,llm_http,qwen3-0.6b,gpu,zero-shot,fixed,client_generation_after_first_token,1000,118.1177347960001,70.840188,91.0638896,99.02737719999999,1056.2556809300002,59.307098,1104.467033
completed,llm_http,qwen3-0.6b,gpu,zero-shot,fixed,client_output_tokens_per_second,1000,278.9890034463927,274.8184847472287,295.00234672572475,303.2214296722768,364.63294821938314,233.63571181042735,374.3859653371595
completed,llm_http,qwen3-0.6b,gpu,zero-shot,fixed,client_ttft,1000,28.620185604999953,28.346285,30.209871,30.9618586,32.74486679,26.703255,35.625382
completed,llm_http,qwen3-0.6b,gpu,zero-shot,fixed,server_decode,0,,,,,,,
completed,llm_http,qwen3-0.6b,gpu,zero-shot,fixed,server_generation,0,,,,,,,
completed,llm_http,qwen3-0.6b,gpu,zero-shot,fixed,server_inference,0,,,,,,,
completed,llm_http,qwen3-0.6b,gpu,zero-shot,fixed,server_mean_itl,0,,,,,,,
completed,llm_http,qwen3-0.6b,gpu,zero-shot,fixed,server_prefill,0,,,,,,,
completed,llm_http,qwen3-0.6b,gpu,zero-shot,fixed,server_queue,0,,,,,,,
completed,llm_http,qwen3-0.6b,gpu,zero-shot,fixed,server_tokens_per_second,0,,,,,,,
completed,llm_http,qwen3-0.6b,gpu,zero-shot,fixed,server_ttft,0,,,,,,,
completed,llm_http,qwen3-1.7b,gpu,one-shot,1771,client_e2e,1000,289.99285935500046,247.29366,662.4972496000001,866.4038285500001,1248.3878595,47.362567,1665.265054
completed,llm_http,qwen3-1.7b,gpu,one-shot,1771,client_generation_after_first_token,1000,260.22997947500005,217.0799535,632.9115781000002,835.4000291,1218.4733891199999,19.138263000000002,1634.7039920000002
completed,llm_http,qwen3-1.7b,gpu,one-shot,1771,client_output_tokens_per_second,1000,177.75438003968273,214.52426368899296,227.56934225874505,229.02045354899008,230.5267619528814,101.94706836847361,231.772666711775
completed,llm_http,qwen3-1.7b,gpu,one-shot,1771,client_ttft,1000,29.762879879999996,29.577664499999997,31.328316200000003,32.22936599999999,34.047720059999996,26.987912,39.49755
completed,llm_http,qwen3-1.7b,gpu,one-shot,1771,server_decode,0,,,,,,,
completed,llm_http,qwen3-1.7b,gpu,one-shot,1771,server_generation,0,,,,,,,
completed,llm_http,qwen3-1.7b,gpu,one-shot,1771,server_inference,0,,,,,,,
completed,llm_http,qwen3-1.7b,gpu,one-shot,1771,server_mean_itl,0,,,,,,,
completed,llm_http,qwen3-1.7b,gpu,one-shot,1771,server_prefill,0,,,,,,,
completed,llm_http,qwen3-1.7b,gpu,one-shot,1771,server_queue,0,,,,,,,
completed,llm_http,qwen3-1.7b,gpu,one-shot,1771,server_tokens_per_second,0,,,,,,,
completed,llm_http,qwen3-1.7b,gpu,one-shot,1771,server_ttft,0,,,,,,,
completed,llm_http,qwen3-1.7b,gpu,one-shot,2401,client_e2e,1000,347.1437539920004,317.62167750000003,732.4561925,912.4357179499996,1483.0661913099996,47.580366,1666.827754
completed,llm_http,qwen3-1.7b,gpu,one-shot,2401,client_generation_after_first_token,1000,317.1410542309996,287.698966,702.7240444,882.9296666499996,1453.6485008399995,19.105779,1635.732041
completed,llm_http,qwen3-1.7b,gpu,one-shot,2401,client_output_tokens_per_second,1000,188.22069030485906,217.57773445460208,226.75598143618208,228.31037722348447,230.37864754492367,109.32445395259467,230.95433983984435
completed,llm_http,qwen3-1.7b,gpu,one-shot,2401,client_ttft,1000,30.002699760999985,29.7820375,31.536124100000002,32.25792285,34.09508251,27.034352,36.055366
completed,llm_http,qwen3-1.7b,gpu,one-shot,2401,server_decode,0,,,,,,,
completed,llm_http,qwen3-1.7b,gpu,one-shot,2401,server_generation,0,,,,,,,
completed,llm_http,qwen3-1.7b,gpu,one-shot,2401,server_inference,0,,,,,,,
completed,llm_http,qwen3-1.7b,gpu,one-shot,2401,server_mean_itl,0,,,,,,,
completed,llm_http,qwen3-1.7b,gpu,one-shot,2401,server_prefill,0,,,,,,,
completed,llm_http,qwen3-1.7b,gpu,one-shot,2401,server_queue,0,,,,,,,
completed,llm_http,qwen3-1.7b,gpu,one-shot,2401,server_tokens_per_second,0,,,,,,,
completed,llm_http,qwen3-1.7b,gpu,one-shot,2401,server_ttft,0,,,,,,,
completed,llm_http,qwen3-1.7b,gpu,one-shot,42,client_e2e,1000,339.2694909399999,226.727396,787.2339499,1192.08303185,1664.00286873,48.492457,1667.8496
completed,llm_http,qwen3-1.7b,gpu,one-shot,42,client_generation_after_first_token,1000,309.193104298,196.4740205,758.0912007000001,1160.1918073499999,1633.66556809,19.298733999999996,1636.123758
completed,llm_http,qwen3-1.7b,gpu,one-shot,42,client_output_tokens_per_second,1000,188.6001513850387,210.94143752396673,227.73831648524916,229.69289464039394,230.9491698451161,99.75695879605321,231.34363047993003
completed,llm_http,qwen3-1.7b,gpu,one-shot,42,client_ttft,1000,30.07638664199997,29.841381,31.6409555,32.399257,33.8635002,28.022157,40.357389
completed,llm_http,qwen3-1.7b,gpu,one-shot,42,server_decode,0,,,,,,,
completed,llm_http,qwen3-1.7b,gpu,one-shot,42,server_generation,0,,,,,,,
completed,llm_http,qwen3-1.7b,gpu,one-shot,42,server_inference,0,,,,,,,
completed,llm_http,qwen3-1.7b,gpu,one-shot,42,server_mean_itl,0,,,,,,,
completed,llm_http,qwen3-1.7b,gpu,one-shot,42,server_prefill,0,,,,,,,
completed,llm_http,qwen3-1.7b,gpu,one-shot,42,server_queue,0,,,,,,,
completed,llm_http,qwen3-1.7b,gpu,one-shot,42,server_tokens_per_second,0,,,,,,,
completed,llm_http,qwen3-1.7b,gpu,one-shot,42,server_ttft,0,,,,,,,
completed,llm_http,qwen3-1.7b,gpu,three-shot,1771,client_e2e,1000,432.36781655900006,364.5079915,790.9342245000001,976.1613688,1272.86913911,51.363804,1679.362704
completed,llm_http,qwen3-1.7b,gpu,three-shot,1771,client_generation_after_first_token,1000,400.2931195529992,333.02271599999995,759.0218446,943.83971935,1241.29562127,19.510641,1647.1191979999999
completed,llm_http,qwen3-1.7b,gpu,three-shot,1771,client_output_tokens_per_second,1000,212.0030137692747,216.0418143849614,224.97632040796879,226.25412993212345,227.82203007144994,111.4105517267772,228.97567749752787
completed,llm_http,qwen3-1.7b,gpu,three-shot,1771,client_ttft,1000,32.074697006,31.725693,33.5861436,34.2924002,36.016260169999995,29.967607,41.641726
completed,llm_http,qwen3-1.7b,gpu,three-shot,1771,server_decode,0,,,,,,,
completed,llm_http,qwen3-1.7b,gpu,three-shot,1771,server_generation,0,,,,,,,
completed,llm_http,qwen3-1.7b,gpu,three-shot,1771,server_inference,0,,,,,,,
completed,llm_http,qwen3-1.7b,gpu,three-shot,1771,server_mean_itl,0,,,,,,,
completed,llm_http,qwen3-1.7b,gpu,three-shot,1771,server_prefill,0,,,,,,,
completed,llm_http,qwen3-1.7b,gpu,three-shot,1771,server_queue,0,,,,,,,
completed,llm_http,qwen3-1.7b,gpu,three-shot,1771,server_tokens_per_second,0,,,,,,,
completed,llm_http,qwen3-1.7b,gpu,three-shot,1771,server_ttft,0,,,,,,,
completed,llm_http,qwen3-1.7b,gpu,three-shot,2401,client_e2e,1000,432.65802477199986,356.9277945,796.9998188,1046.1148739499997,1479.6122179499996,50.618297,1675.938015
completed,llm_http,qwen3-1.7b,gpu,three-shot,2401,client_generation_after_first_token,1000,401.3690749869999,325.69007550000003,765.2815562000001,1015.4250489499998,1448.4899931199998,19.672668,1644.118146
completed,llm_http,qwen3-1.7b,gpu,three-shot,2401,client_output_tokens_per_second,1000,210.9396474274212,216.74480731128278,225.68203001067144,227.48041430245263,229.12575294143875,110.44792043685246,229.75013414670576
completed,llm_http,qwen3-1.7b,gpu,three-shot,2401,client_ttft,1000,31.288949784999986,30.9865565,32.7778816,33.4645811,35.00839605,28.869634,39.991315
completed,llm_http,qwen3-1.7b,gpu,three-shot,2401,server_decode,0,,,,,,,
completed,llm_http,qwen3-1.7b,gpu,three-shot,2401,server_generation,0,,,,,,,
completed,llm_http,qwen3-1.7b,gpu,three-shot,2401,server_inference,0,,,,,,,
completed,llm_http,qwen3-1.7b,gpu,three-shot,2401,server_mean_itl,0,,,,,,,
completed,llm_http,qwen3-1.7b,gpu,three-shot,2401,server_prefill,0,,,,,,,
completed,llm_http,qwen3-1.7b,gpu,three-shot,2401,server_queue,0,,,,,,,
completed,llm_http,qwen3-1.7b,gpu,three-shot,2401,server_tokens_per_second,0,,,,,,,
completed,llm_http,qwen3-1.7b,gpu,three-shot,2401,server_ttft,0,,,,,,,
completed,llm_http,qwen3-1.7b,gpu,three-shot,42,client_e2e,1000,473.592239991,379.0270395,917.8564784,1234.8498124500002,1678.8448384100002,124.068989,1680.99698
completed,llm_http,qwen3-1.7b,gpu,three-shot,42,client_generation_after_first_token,1000,441.62085243199954,346.85588199999995,885.0574197000001,1202.6066768,1645.9352274199998,93.10673,1647.965846
completed,llm_http,qwen3-1.7b,gpu,three-shot,42,client_output_tokens_per_second,1000,213.25012986869731,216.53425000259188,225.9074371161523,227.42899771751027,228.71324813523486,179.67766826258975,229.06871739513278
completed,llm_http,qwen3-1.7b,gpu,three-shot,42,client_ttft,1000,31.971387559,31.676969999999997,33.2299726,33.90129245,35.80513517,30.454327,38.721086
completed,llm_http,qwen3-1.7b,gpu,three-shot,42,server_decode,0,,,,,,,
completed,llm_http,qwen3-1.7b,gpu,three-shot,42,server_generation,0,,,,,,,
completed,llm_http,qwen3-1.7b,gpu,three-shot,42,server_inference,0,,,,,,,
completed,llm_http,qwen3-1.7b,gpu,three-shot,42,server_mean_itl,0,,,,,,,
completed,llm_http,qwen3-1.7b,gpu,three-shot,42,server_prefill,0,,,,,,,
completed,llm_http,qwen3-1.7b,gpu,three-shot,42,server_queue,0,,,,,,,
completed,llm_http,qwen3-1.7b,gpu,three-shot,42,server_tokens_per_second,0,,,,,,,
completed,llm_http,qwen3-1.7b,gpu,three-shot,42,server_ttft,0,,,,,,,
completed,llm_http,qwen3-1.7b,gpu,zero-shot,fixed,client_e2e,1000,221.97048117399999,155.330703,477.7920329000001,660.0610070999996,1270.4889640799997,47.635236,1655.736808
completed,llm_http,qwen3-1.7b,gpu,zero-shot,fixed,client_generation_after_first_token,1000,192.51576059899998,126.7068675,448.9829492,630.9704592999999,1240.5312705899996,19.325398,1625.8184740000002
completed,llm_http,qwen3-1.7b,gpu,zero-shot,fixed,client_output_tokens_per_second,1000,183.37454553487692,201.57588324996323,226.18907786305857,229.9391764156958,232.95515353861498,110.61962402454694,233.97161559818886
completed,llm_http,qwen3-1.7b,gpu,zero-shot,fixed,client_ttft,1000,29.45472057499997,29.26652,30.7988556,31.631497399999997,33.095385709999995,26.962588,35.281941
completed,llm_http,qwen3-1.7b,gpu,zero-shot,fixed,server_decode,0,,,,,,,
completed,llm_http,qwen3-1.7b,gpu,zero-shot,fixed,server_generation,0,,,,,,,
completed,llm_http,qwen3-1.7b,gpu,zero-shot,fixed,server_inference,0,,,,,,,
completed,llm_http,qwen3-1.7b,gpu,zero-shot,fixed,server_mean_itl,0,,,,,,,
completed,llm_http,qwen3-1.7b,gpu,zero-shot,fixed,server_prefill,0,,,,,,,
completed,llm_http,qwen3-1.7b,gpu,zero-shot,fixed,server_queue,0,,,,,,,
completed,llm_http,qwen3-1.7b,gpu,zero-shot,fixed,server_tokens_per_second,0,,,,,,,
completed,llm_http,qwen3-1.7b,gpu,zero-shot,fixed,server_ttft,0,,,,,,,
completed,llm_http,qwen3-14b,gpu,one-shot,1771,client_e2e,1000,1498.8385053479979,1239.9766935,2963.1762125,3692.7729725999993,4795.456287579999,148.989757,8238.017999
completed,llm_http,qwen3-14b,gpu,one-shot,1771,client_generation_after_first_token,1000,1411.3782040719989,1156.3841065000001,2871.6434371,3601.10213005,4689.324857369999,87.628903,8157.1547869999995
completed,llm_http,qwen3-14b,gpu,one-shot,1771,client_output_tokens_per_second,1000,39.66111332631988,42.556011323039485,43.440308259232395,43.56958875901465,43.73439835186515,25.32951379800695,44.06399695218728
completed,llm_http,qwen3-14b,gpu,one-shot,1771,client_ttft,1000,87.46030127599992,91.2737355,93.4840027,105.64885185,106.62025741000001,59.876938,108.164295
completed,llm_http,qwen3-14b,gpu,one-shot,1771,server_decode,0,,,,,,,
completed,llm_http,qwen3-14b,gpu,one-shot,1771,server_generation,0,,,,,,,
completed,llm_http,qwen3-14b,gpu,one-shot,1771,server_inference,0,,,,,,,
completed,llm_http,qwen3-14b,gpu,one-shot,1771,server_mean_itl,0,,,,,,,
completed,llm_http,qwen3-14b,gpu,one-shot,1771,server_prefill,0,,,,,,,
completed,llm_http,qwen3-14b,gpu,one-shot,1771,server_queue,0,,,,,,,
completed,llm_http,qwen3-14b,gpu,one-shot,1771,server_tokens_per_second,0,,,,,,,
completed,llm_http,qwen3-14b,gpu,one-shot,1771,server_ttft,0,,,,,,,
completed,llm_http,qwen3-14b,gpu,one-shot,2401,client_e2e,1000,1508.9983797469995,1286.838583,3015.3480727000006,3604.072551449999,5060.798632339998,165.815496,7496.053702
completed,llm_http,qwen3-14b,gpu,one-shot,2401,client_generation_after_first_token,1000,1411.6099892610002,1190.467787,2908.4099513,3512.13869355,4941.419184559997,88.38905600000001,7376.370561
completed,llm_http,qwen3-14b,gpu,one-shot,2401,client_output_tokens_per_second,1000,38.88145582571238,42.09119425960088,43.23804380354656,43.37837311242559,43.62571031850505,23.877985290788565,43.83789103835635
completed,llm_http,qwen3-14b,gpu,one-shot,2401,client_ttft,1000,97.38839048600003,92.869156,106.1411339,106.78284955,119.09875662,75.714213,121.746412
completed,llm_http,qwen3-14b,gpu,one-shot,2401,server_decode,0,,,,,,,
completed,llm_http,qwen3-14b,gpu,one-shot,2401,server_generation,0,,,,,,,
completed,llm_http,qwen3-14b,gpu,one-shot,2401,server_inference,0,,,,,,,
completed,llm_http,qwen3-14b,gpu,one-shot,2401,server_mean_itl,0,,,,,,,
completed,llm_http,qwen3-14b,gpu,one-shot,2401,server_prefill,0,,,,,,,
completed,llm_http,qwen3-14b,gpu,one-shot,2401,server_queue,0,,,,,,,
completed,llm_http,qwen3-14b,gpu,one-shot,2401,server_tokens_per_second,0,,,,,,,
completed,llm_http,qwen3-14b,gpu,one-shot,2401,server_ttft,0,,,,,,,
completed,llm_http,qwen3-14b,gpu,one-shot,42,client_e2e,1000,1613.6810862399975,1281.720832,3292.9453897000003,4186.667941399999,6079.15503749,165.951485,8256.552142
completed,llm_http,qwen3-14b,gpu,one-shot,42,client_generation_after_first_token,1000,1518.0385619060012,1191.1972394999998,3197.6506514,4081.131600849999,5973.576909810001,87.96021,8163.982147000001
completed,llm_http,qwen3-14b,gpu,one-shot,42,client_output_tokens_per_second,1000,39.39403444902013,42.11748020852933,43.348745049110626,43.550577379355495,43.75372832021264,23.866367359508267,43.965082973735065
completed,llm_http,qwen3-14b,gpu,one-shot,42,client_ttft,1000,95.64252433399993,92.63565399999999,106.5392735,107.24829455000001,107.93256603,76.580064,121.262227
completed,llm_http,qwen3-14b,gpu,one-shot,42,server_decode,0,,,,,,,
completed,llm_http,qwen3-14b,gpu,one-shot,42,server_generation,0,,,,,,,
completed,llm_http,qwen3-14b,gpu,one-shot,42,server_inference,0,,,,,,,
completed,llm_http,qwen3-14b,gpu,one-shot,42,server_mean_itl,0,,,,,,,
completed,llm_http,qwen3-14b,gpu,one-shot,42,server_prefill,0,,,,,,,
completed,llm_http,qwen3-14b,gpu,one-shot,42,server_queue,0,,,,,,,
completed,llm_http,qwen3-14b,gpu,one-shot,42,server_tokens_per_second,0,,,,,,,
completed,llm_http,qwen3-14b,gpu,one-shot,42,server_ttft,0,,,,,,,
completed,llm_http,qwen3-14b,gpu,three-shot,1771,client_e2e,1000,1765.8663090359976,1643.125994,3286.9086988999998,3967.3261685499992,5813.851929009999,208.323272,8317.435049
completed,llm_http,qwen3-14b,gpu,three-shot,1771,client_generation_after_first_token,1000,1623.1060506270003,1510.8716264999998,3138.4067938999997,3817.833363099999,5650.689940229999,88.11219400000002,8180.046085999999
completed,llm_http,qwen3-14b,gpu,three-shot,1771,client_output_tokens_per_second,1000,38.1574445041688,41.07466271305486,42.60294498605978,42.86053672829741,43.22497443446386,19.52527351208151,43.6432623593067
completed,llm_http,qwen3-14b,gpu,three-shot,1771,client_ttft,1000,142.7602584089997,146.22121449999997,149.7876368,162.2962005,163.44958937,118.215343,167.293545
completed,llm_http,qwen3-14b,gpu,three-shot,1771,server_decode,0,,,,,,,
completed,llm_http,qwen3-14b,gpu,three-shot,1771,server_generation,0,,,,,,,
completed,llm_http,qwen3-14b,gpu,three-shot,1771,server_inference,0,,,,,,,
completed,llm_http,qwen3-14b,gpu,three-shot,1771,server_mean_itl,0,,,,,,,
completed,llm_http,qwen3-14b,gpu,three-shot,1771,server_prefill,0,,,,,,,
completed,llm_http,qwen3-14b,gpu,three-shot,1771,server_queue,0,,,,,,,
completed,llm_http,qwen3-14b,gpu,three-shot,1771,server_tokens_per_second,0,,,,,,,
completed,llm_http,qwen3-14b,gpu,three-shot,1771,server_ttft,0,,,,,,,
completed,llm_http,qwen3-14b,gpu,three-shot,2401,client_e2e,1000,1855.9000668310018,1707.4543195,3476.4135703,4209.67263275,5574.583093689999,197.836094,8438.115527
completed,llm_http,qwen3-14b,gpu,three-shot,2401,client_generation_after_first_token,1000,1728.0953033409971,1578.780086,3343.1272813,4063.3259041999995,5442.208760359999,87.83012099999999,8291.451423
completed,llm_http,qwen3-14b,gpu,three-shot,2401,client_output_tokens_per_second,1000,38.45548684462425,41.67889542278586,42.94391252685342,43.13860937689558,43.4151813156859,20.999106756796063,43.667054696952455
completed,llm_http,qwen3-14b,gpu,three-shot,2401,client_ttft,1000,127.80476348999998,129.4853305,132.17711459999998,145.7575411,147.06804427000003,106.649518,148.9475
completed,llm_http,qwen3-14b,gpu,three-shot,2401,server_decode,0,,,,,,,
completed,llm_http,qwen3-14b,gpu,three-shot,2401,server_generation,0,,,,,,,
completed,llm_http,qwen3-14b,gpu,three-shot,2401,server_inference,0,,,,,,,
completed,llm_http,qwen3-14b,gpu,three-shot,2401,server_mean_itl,0,,,,,,,
completed,llm_http,qwen3-14b,gpu,three-shot,2401,server_prefill,0,,,,,,,
completed,llm_http,qwen3-14b,gpu,three-shot,2401,server_queue,0,,,,,,,
completed,llm_http,qwen3-14b,gpu,three-shot,2401,server_tokens_per_second,0,,,,,,,
completed,llm_http,qwen3-14b,gpu,three-shot,2401,server_ttft,0,,,,,,,
completed,llm_http,qwen3-14b,gpu,three-shot,42,client_e2e,1000,1751.5569379829997,1657.5230245,3287.8095597,4057.1778153499986,5366.575597449997,220.869423,8330.958137
completed,llm_http,qwen3-14b,gpu,three-shot,42,client_generation_after_first_token,1000,1603.168712469,1511.048385,3139.1387613999996,3889.023131899998,5199.633335329998,88.033459,8180.567051
completed,llm_http,qwen3-14b,gpu,three-shot,42,client_output_tokens_per_second,1000,37.85041391282557,40.96250068764988,42.534344128846016,42.83075068947522,43.19745162292173,19.36897123580324,43.57241916602852
completed,llm_http,qwen3-14b,gpu,three-shot,42,client_ttft,1000,148.38822551400006,147.66281850000001,162.50417050000001,163.53122104999997,167.47665136999998,118.635,172.80545
completed,llm_http,qwen3-14b,gpu,three-shot,42,server_decode,0,,,,,,,
completed,llm_http,qwen3-14b,gpu,three-shot,42,server_generation,0,,,,,,,
completed,llm_http,qwen3-14b,gpu,three-shot,42,server_inference,0,,,,,,,
completed,llm_http,qwen3-14b,gpu,three-shot,42,server_mean_itl,0,,,,,,,
completed,llm_http,qwen3-14b,gpu,three-shot,42,server_prefill,0,,,,,,,
completed,llm_http,qwen3-14b,gpu,three-shot,42,server_queue,0,,,,,,,
completed,llm_http,qwen3-14b,gpu,three-shot,42,server_tokens_per_second,0,,,,,,,
completed,llm_http,qwen3-14b,gpu,three-shot,42,server_ttft,0,,,,,,,
completed,llm_http,qwen3-14b,gpu,zero-shot,fixed,client_e2e,1000,1501.9733621739979,1192.4308995000001,3059.6277327000003,3863.928133499999,5309.252026859997,136.209957,7675.402073
completed,llm_http,qwen3-14b,gpu,zero-shot,fixed,client_generation_after_first_token,1000,1426.0632140739983,1120.7188330000001,2968.0842195000005,3711.024955399996,5236.556439439997,88.19809699999999,7601.220423
completed,llm_http,qwen3-14b,gpu,zero-shot,fixed,client_output_tokens_per_second,1000,40.79202379830566,43.00121012757319,43.833314865382825,43.94451585994214,44.10627414040915,8.672427895334371,44.25272773708093
completed,llm_http,qwen3-14b,gpu,zero-shot,fixed,client_ttft,1000,75.91014809999999,71.884973,76.96046710000002,90.78975084999999,91.73463782,46.236414,4102.558246
completed,llm_http,qwen3-14b,gpu,zero-shot,fixed,server_decode,0,,,,,,,
completed,llm_http,qwen3-14b,gpu,zero-shot,fixed,server_generation,0,,,,,,,
completed,llm_http,qwen3-14b,gpu,zero-shot,fixed,server_inference,0,,,,,,,
completed,llm_http,qwen3-14b,gpu,zero-shot,fixed,server_mean_itl,0,,,,,,,
completed,llm_http,qwen3-14b,gpu,zero-shot,fixed,server_prefill,0,,,,,,,
completed,llm_http,qwen3-14b,gpu,zero-shot,fixed,server_queue,0,,,,,,,
completed,llm_http,qwen3-14b,gpu,zero-shot,fixed,server_tokens_per_second,0,,,,,,,
completed,llm_http,qwen3-14b,gpu,zero-shot,fixed,server_ttft,0,,,,,,,
completed,llm_http,qwen3-4b,gpu,one-shot,1771,client_e2e,1000,695.2407449170001,603.1317595,1437.8030052000001,1733.5017859499999,2500.0741931099997,64.69125,3193.349779
completed,llm_http,qwen3-4b,gpu,one-shot,1771,client_generation_after_first_token,1000,660.2435950320005,567.9935605000001,1403.6746618000002,1699.4111447,2461.5398770499996,30.989548000000006,3154.003272
completed,llm_http,qwen3-4b,gpu,one-shot,1771,client_output_tokens_per_second,1000,108.49985079308404,117.65353755466086,119.99137916799073,120.24016309673279,120.47214968869245,69.55459186895692,120.61935477707925
completed,llm_http,qwen3-4b,gpu,one-shot,1771,client_ttft,1000,34.997149885,34.518916000000004,37.7339793,38.1999981,39.22128388,32.417861,43.565655
completed,llm_http,qwen3-4b,gpu,one-shot,1771,server_decode,0,,,,,,,
completed,llm_http,qwen3-4b,gpu,one-shot,1771,server_generation,0,,,,,,,
completed,llm_http,qwen3-4b,gpu,one-shot,1771,server_inference,0,,,,,,,
completed,llm_http,qwen3-4b,gpu,one-shot,1771,server_mean_itl,0,,,,,,,
completed,llm_http,qwen3-4b,gpu,one-shot,1771,server_prefill,0,,,,,,,
completed,llm_http,qwen3-4b,gpu,one-shot,1771,server_queue,0,,,,,,,
completed,llm_http,qwen3-4b,gpu,one-shot,1771,server_tokens_per_second,0,,,,,,,
completed,llm_http,qwen3-4b,gpu,one-shot,1771,server_ttft,0,,,,,,,
completed,llm_http,qwen3-4b,gpu,one-shot,2401,client_e2e,1000,637.6694684850003,574.9593729999999,1238.8487494,1560.8842421999996,2194.7985238899996,64.931847,3201.026891
completed,llm_http,qwen3-4b,gpu,one-shot,2401,client_generation_after_first_token,1000,600.8454837779996,538.784897,1200.6870765,1522.5263868999996,2156.77618308,30.897493000000004,3157.2245629999998
completed,llm_http,qwen3-4b,gpu,one-shot,2401,client_output_tokens_per_second,1000,109.07919858985451,116.01461449715241,118.83908957250044,119.27041013277177,119.75537528885383,64.34434788888704,120.19486715562893
completed,llm_http,qwen3-4b,gpu,one-shot,2401,client_ttft,1000,36.82398470700002,37.563574,39.2878066,40.19563605,44.76350626,32.89371,46.625865
completed,llm_http,qwen3-4b,gpu,one-shot,2401,server_decode,0,,,,,,,
completed,llm_http,qwen3-4b,gpu,one-shot,2401,server_generation,0,,,,,,,
completed,llm_http,qwen3-4b,gpu,one-shot,2401,server_inference,0,,,,,,,
completed,llm_http,qwen3-4b,gpu,one-shot,2401,server_mean_itl,0,,,,,,,
completed,llm_http,qwen3-4b,gpu,one-shot,2401,server_prefill,0,,,,,,,
completed,llm_http,qwen3-4b,gpu,one-shot,2401,server_queue,0,,,,,,,
completed,llm_http,qwen3-4b,gpu,one-shot,2401,server_tokens_per_second,0,,,,,,,
completed,llm_http,qwen3-4b,gpu,one-shot,2401,server_ttft,0,,,,,,,
completed,llm_http,qwen3-4b,gpu,one-shot,42,client_e2e,1000,639.308751462,457.30318150000005,1329.1931002000001,1610.18266165,2377.022598149999,64.880683,3191.775377
completed,llm_http,qwen3-4b,gpu,one-shot,42,client_generation_after_first_token,1000,603.2381839929993,421.796642,1294.4249217000001,1572.5199952000003,2338.551933829999,30.940159,3154.110671
completed,llm_http,qwen3-4b,gpu,one-shot,42,client_output_tokens_per_second,1000,111.68995725740729,115.57992989561092,119.155034610651,119.56631284781159,119.98855351227915,65.31123559897053,120.31579007189909
completed,llm_http,qwen3-4b,gpu,one-shot,42,client_ttft,1000,36.070567468999954,35.036364,38.880739,39.470964699999996,40.869026039999994,32.744715,44.723522
completed,llm_http,qwen3-4b,gpu,one-shot,42,server_decode,0,,,,,,,
completed,llm_http,qwen3-4b,gpu,one-shot,42,server_generation,0,,,,,,,
completed,llm_http,qwen3-4b,gpu,one-shot,42,server_inference,0,,,,,,,
completed,llm_http,qwen3-4b,gpu,one-shot,42,server_mean_itl,0,,,,,,,
completed,llm_http,qwen3-4b,gpu,one-shot,42,server_prefill,0,,,,,,,
completed,llm_http,qwen3-4b,gpu,one-shot,42,server_queue,0,,,,,,,
completed,llm_http,qwen3-4b,gpu,one-shot,42,server_tokens_per_second,0,,,,,,,
completed,llm_http,qwen3-4b,gpu,one-shot,42,server_ttft,0,,,,,,,
completed,llm_http,qwen3-4b,gpu,three-shot,1771,client_e2e,1000,764.7127968710018,635.9449050000001,1491.1347984000004,1813.8817972499983,2635.1390938,78.576937,3226.461814
completed,llm_http,qwen3-4b,gpu,three-shot,1771,client_generation_after_first_token,1000,713.8408971549995,585.2165975,1438.9850763,1761.8655478499986,2580.0609645499994,30.936618000000003,3170.759107
completed,llm_http,qwen3-4b,gpu,three-shot,1771,client_output_tokens_per_second,1000,109.2583275827062,113.3793733560893,117.46314282990481,118.09254237672313,118.84240096852602,54.873119902870194,119.3217276088682
completed,llm_http,qwen3-4b,gpu,three-shot,1771,client_ttft,1000,50.87189971599995,51.0659325,54.438648,55.60591815,57.710069919999995,45.803487,60.85694
completed,llm_http,qwen3-4b,gpu,three-shot,1771,server_decode,0,,,,,,,
completed,llm_http,qwen3-4b,gpu,three-shot,1771,server_generation,0,,,,,,,
completed,llm_http,qwen3-4b,gpu,three-shot,1771,server_inference,0,,,,,,,
completed,llm_http,qwen3-4b,gpu,three-shot,1771,server_mean_itl,0,,,,,,,
completed,llm_http,qwen3-4b,gpu,three-shot,1771,server_prefill,0,,,,,,,
completed,llm_http,qwen3-4b,gpu,three-shot,1771,server_queue,0,,,,,,,
completed,llm_http,qwen3-4b,gpu,three-shot,1771,server_tokens_per_second,0,,,,,,,
completed,llm_http,qwen3-4b,gpu,three-shot,1771,server_ttft,0,,,,,,,
completed,llm_http,qwen3-4b,gpu,three-shot,2401,client_e2e,1000,760.0562467540003,656.770711,1473.522203,1709.201808649999,2286.2153206499997,77.218362,2804.493994
completed,llm_http,qwen3-4b,gpu,three-shot,2401,client_generation_after_first_token,1000,711.5060053040014,608.9826035,1426.3747054,1659.779854149999,2236.80262641,30.682110999999992,2756.164765
completed,llm_http,qwen3-4b,gpu,three-shot,2401,client_output_tokens_per_second,1000,108.15267398716563,114.227716334023,117.90575827881189,118.37354687661845,118.97392771772162,58.098813020334426,119.45113832181735
completed,llm_http,qwen3-4b,gpu,three-shot,2401,client_ttft,1000,48.55024145000004,48.456569,50.089684999999996,52.8220904,54.31877600000001,45.023889,55.597018
completed,llm_http,qwen3-4b,gpu,three-shot,2401,server_decode,0,,,,,,,
completed,llm_http,qwen3-4b,gpu,three-shot,2401,server_generation,0,,,,,,,
completed,llm_http,qwen3-4b,gpu,three-shot,2401,server_inference,0,,,,,,,
completed,llm_http,qwen3-4b,gpu,three-shot,2401,server_mean_itl,0,,,,,,,
completed,llm_http,qwen3-4b,gpu,three-shot,2401,server_prefill,0,,,,,,,
completed,llm_http,qwen3-4b,gpu,three-shot,2401,server_queue,0,,,,,,,
completed,llm_http,qwen3-4b,gpu,three-shot,2401,server_tokens_per_second,0,,,,,,,
completed,llm_http,qwen3-4b,gpu,three-shot,2401,server_ttft,0,,,,,,,
completed,llm_http,qwen3-4b,gpu,three-shot,42,client_e2e,1000,688.0353888860001,595.088722,1341.0276832,1678.9374271499992,2406.2752307799997,78.492441,3227.171618
completed,llm_http,qwen3-4b,gpu,three-shot,42,client_generation_after_first_token,1000,635.9835011989998,543.9428895,1289.847409,1628.1700059999994,2350.0380192399994,31.241839,3170.6356729999998
completed,llm_http,qwen3-4b,gpu,three-shot,42,client_output_tokens_per_second,1000,108.31937286001376,112.38943481763651,116.8971054112286,117.75383791987895,118.53956488762942,56.05551092042073,119.25846021147227
completed,llm_http,qwen3-4b,gpu,three-shot,42,client_ttft,1000,52.051887687000004,51.359464,55.750815599999996,56.57339934999999,58.01188894,45.841222,61.446123
completed,llm_http,qwen3-4b,gpu,three-shot,42,server_decode,0,,,,,,,
completed,llm_http,qwen3-4b,gpu,three-shot,42,server_generation,0,,,,,,,
completed,llm_http,qwen3-4b,gpu,three-shot,42,server_inference,0,,,,,,,
completed,llm_http,qwen3-4b,gpu,three-shot,42,server_mean_itl,0,,,,,,,
completed,llm_http,qwen3-4b,gpu,three-shot,42,server_prefill,0,,,,,,,
completed,llm_http,qwen3-4b,gpu,three-shot,42,server_queue,0,,,,,,,
completed,llm_http,qwen3-4b,gpu,three-shot,42,server_tokens_per_second,0,,,,,,,
completed,llm_http,qwen3-4b,gpu,three-shot,42,server_ttft,0,,,,,,,
completed,llm_http,qwen3-4b,gpu,zero-shot,fixed,client_e2e,1000,550.2337441249996,382.388623,1278.0675439000001,1661.0979331999993,2417.7960703300005,64.659276,3172.265603
completed,llm_http,qwen3-4b,gpu,zero-shot,fixed,client_generation_after_first_token,1000,515.8040151339997,348.5058545,1243.067749,1626.2381075999995,2384.6716139600003,31.01072200000001,3138.098579
completed,llm_http,qwen3-4b,gpu,zero-shot,fixed,client_output_tokens_per_second,1000,105.5794064435584,114.97140703497567,120.43103662879867,120.83934233193335,121.25493433838463,69.97085266173181,121.46708130027396
completed,llm_http,qwen3-4b,gpu,zero-shot,fixed,client_ttft,1000,34.429728991000026,34.135041,35.9567586,36.7667222,38.74924587,32.372426,43.158324
completed,llm_http,qwen3-4b,gpu,zero-shot,fixed,server_decode,0,,,,,,,
completed,llm_http,qwen3-4b,gpu,zero-shot,fixed,server_generation,0,,,,,,,
completed,llm_http,qwen3-4b,gpu,zero-shot,fixed,server_inference,0,,,,,,,
completed,llm_http,qwen3-4b,gpu,zero-shot,fixed,server_mean_itl,0,,,,,,,
completed,llm_http,qwen3-4b,gpu,zero-shot,fixed,server_prefill,0,,,,,,,
completed,llm_http,qwen3-4b,gpu,zero-shot,fixed,server_queue,0,,,,,,,
completed,llm_http,qwen3-4b,gpu,zero-shot,fixed,server_tokens_per_second,0,,,,,,,
completed,llm_http,qwen3-4b,gpu,zero-shot,fixed,server_ttft,0,,,,,,,
completed,llm_http,qwen3-8b,gpu,one-shot,1771,client_e2e,1000,982.6782362079988,743.1032705,2149.6427776,2651.01518375,3577.6003082499983,90.643693,5098.850736
completed,llm_http,qwen3-8b,gpu,one-shot,1771,client_generation_after_first_token,1000,932.5904072990006,691.5713295,2097.9004222000003,2597.8084959999996,3514.8821585199985,50.632794,5037.329509
completed,llm_http,qwen3-8b,gpu,one-shot,1771,client_output_tokens_per_second,1000,67.98670497983105,73.2136033313229,74.88856056344889,75.06308649163542,75.36165831386843,44.02467794517281,75.63754210594239
completed,llm_http,qwen3-8b,gpu,one-shot,1771,client_ttft,1000,50.087828909000045,51.1986035,52.5302517,61.345392000000004,61.98079237,38.842432,63.12728
completed,llm_http,qwen3-8b,gpu,one-shot,1771,server_decode,0,,,,,,,
completed,llm_http,qwen3-8b,gpu,one-shot,1771,server_generation,0,,,,,,,
completed,llm_http,qwen3-8b,gpu,one-shot,1771,server_inference,0,,,,,,,
completed,llm_http,qwen3-8b,gpu,one-shot,1771,server_mean_itl,0,,,,,,,
completed,llm_http,qwen3-8b,gpu,one-shot,1771,server_prefill,0,,,,,,,
completed,llm_http,qwen3-8b,gpu,one-shot,1771,server_queue,0,,,,,,,
completed,llm_http,qwen3-8b,gpu,one-shot,1771,server_tokens_per_second,0,,,,,,,
completed,llm_http,qwen3-8b,gpu,one-shot,1771,server_ttft,0,,,,,,,
completed,llm_http,qwen3-8b,gpu,one-shot,2401,client_e2e,1000,927.9285372309992,731.2594409999999,1943.5228396000002,2482.5230553999995,3345.7987008999994,97.359185,5112.375675
completed,llm_http,qwen3-8b,gpu,one-shot,2401,client_generation_after_first_token,1000,871.1788375159998,678.0344235,1881.5507153,2420.2914598499997,3277.9922191099995,50.340858999999995,5043.511068
completed,llm_http,qwen3-8b,gpu,one-shot,2401,client_output_tokens_per_second,1000,67.04154674197109,72.1570642133969,74.27218308307887,74.57207274187843,74.91450827635585,41.674565038605614,75.24672635116904
completed,llm_http,qwen3-8b,gpu,one-shot,2401,client_ttft,1000,56.74969971500003,53.491586,62.3086172,62.727046949999995,68.04499934,46.285935,68.964408
completed,llm_http,qwen3-8b,gpu,one-shot,2401,server_decode,0,,,,,,,
completed,llm_http,qwen3-8b,gpu,one-shot,2401,server_generation,0,,,,,,,
completed,llm_http,qwen3-8b,gpu,one-shot,2401,server_inference,0,,,,,,,
completed,llm_http,qwen3-8b,gpu,one-shot,2401,server_mean_itl,0,,,,,,,
completed,llm_http,qwen3-8b,gpu,one-shot,2401,server_prefill,0,,,,,,,
completed,llm_http,qwen3-8b,gpu,one-shot,2401,server_queue,0,,,,,,,
completed,llm_http,qwen3-8b,gpu,one-shot,2401,server_tokens_per_second,0,,,,,,,
completed,llm_http,qwen3-8b,gpu,one-shot,2401,server_ttft,0,,,,,,,
completed,llm_http,qwen3-8b,gpu,one-shot,42,client_e2e,1000,1085.6696353540017,898.044208,2257.4824733,2823.4770532499992,3972.0686613099997,98.39597,5103.340947
completed,llm_http,qwen3-8b,gpu,one-shot,42,client_generation_after_first_token,1000,1030.6791803220003,847.3741835000001,2196.7342939,2772.6734862999997,3909.32027948,50.253296000000006,5040.990739999999
completed,llm_http,qwen3-8b,gpu,one-shot,42,client_output_tokens_per_second,1000,69.33649499218996,72.64669486052806,74.67494404916528,74.92215457015322,75.1283985263908,41.9564609916475,75.28731670754513
completed,llm_http,qwen3-8b,gpu,one-shot,42,client_ttft,1000,54.99045503199996,52.0846745,61.9797278,62.3705529,62.880159770000006,47.601368,68.928719
completed,llm_http,qwen3-8b,gpu,one-shot,42,server_decode,0,,,,,,,
completed,llm_http,qwen3-8b,gpu,one-shot,42,server_generation,0,,,,,,,
completed,llm_http,qwen3-8b,gpu,one-shot,42,server_inference,0,,,,,,,
completed,llm_http,qwen3-8b,gpu,one-shot,42,server_mean_itl,0,,,,,,,
completed,llm_http,qwen3-8b,gpu,one-shot,42,server_prefill,0,,,,,,,
completed,llm_http,qwen3-8b,gpu,one-shot,42,server_queue,0,,,,,,,
completed,llm_http,qwen3-8b,gpu,one-shot,42,server_tokens_per_second,0,,,,,,,
completed,llm_http,qwen3-8b,gpu,one-shot,42,server_ttft,0,,,,,,,
completed,llm_http,qwen3-8b,gpu,three-shot,1771,client_e2e,1000,978.9386938399998,782.687407,2079.7644813000006,2558.72990535,3491.8622549599986,129.817251,5137.569619
completed,llm_http,qwen3-8b,gpu,three-shot,1771,client_generation_after_first_token,1000,894.2478702729995,697.385906,1993.7712322000007,2468.2067706499997,3405.4789305199993,50.15707300000001,5051.497281
completed,llm_http,qwen3-8b,gpu,three-shot,1771,client_output_tokens_per_second,1000,62.03208470039158,69.01711133186242,73.18299606868611,73.64338305325535,74.18958732923984,34.8270239930473,74.74351268737523
completed,llm_http,qwen3-8b,gpu,three-shot,1771,client_ttft,1000,84.69082356699992,85.376346,86.89366290000001,90.07082684999999,90.85872217,78.624633,92.850766
completed,llm_http,qwen3-8b,gpu,three-shot,1771,server_decode,0,,,,,,,
completed,llm_http,qwen3-8b,gpu,three-shot,1771,server_generation,0,,,,,,,
completed,llm_http,qwen3-8b,gpu,three-shot,1771,server_inference,0,,,,,,,
completed,llm_http,qwen3-8b,gpu,three-shot,1771,server_mean_itl,0,,,,,,,
completed,llm_http,qwen3-8b,gpu,three-shot,1771,server_prefill,0,,,,,,,
completed,llm_http,qwen3-8b,gpu,three-shot,1771,server_queue,0,,,,,,,
completed,llm_http,qwen3-8b,gpu,three-shot,1771,server_tokens_per_second,0,,,,,,,
completed,llm_http,qwen3-8b,gpu,three-shot,1771,server_ttft,0,,,,,,,
completed,llm_http,qwen3-8b,gpu,three-shot,2401,client_e2e,1000,1064.6626449069993,961.3901715,2154.3353648,2637.2558869000004,3621.5079096699983,118.165358,5136.649781
completed,llm_http,qwen3-8b,gpu,three-shot,2401,client_generation_after_first_token,1000,987.1353388839996,881.3610705,2070.1764948000005,2556.50688055,3535.7476833399987,49.92541,5051.356368
completed,llm_http,qwen3-8b,gpu,three-shot,2401,client_output_tokens_per_second,1000,64.6756287330736,70.78215930015936,73.49385966247893,73.96160465514832,74.34916418561849,36.31307931390213,74.91259577277621
completed,llm_http,qwen3-8b,gpu,three-shot,2401,client_ttft,1000,77.527306023,80.239746,81.6545842,84.98006765,85.78314304,65.587935,86.571861
completed,llm_http,qwen3-8b,gpu,three-shot,2401,server_decode,0,,,,,,,
completed,llm_http,qwen3-8b,gpu,three-shot,2401,server_generation,0,,,,,,,
completed,llm_http,qwen3-8b,gpu,three-shot,2401,server_inference,0,,,,,,,
completed,llm_http,qwen3-8b,gpu,three-shot,2401,server_mean_itl,0,,,,,,,
completed,llm_http,qwen3-8b,gpu,three-shot,2401,server_prefill,0,,,,,,,
completed,llm_http,qwen3-8b,gpu,three-shot,2401,server_queue,0,,,,,,,
completed,llm_http,qwen3-8b,gpu,three-shot,2401,server_tokens_per_second,0,,,,,,,
completed,llm_http,qwen3-8b,gpu,three-shot,2401,server_ttft,0,,,,,,,
completed,llm_http,qwen3-8b,gpu,three-shot,42,client_e2e,1000,990.0143662840003,822.7034745,1934.0447516000004,2380.9655259499996,3405.507435949998,131.957582,4867.268893
completed,llm_http,qwen3-8b,gpu,three-shot,42,client_generation_after_first_token,1000,903.6613758939993,737.0607325,1847.5717577000003,2294.5876396500003,3314.4930555499986,50.22220799999998,4778.739243
completed,llm_http,qwen3-8b,gpu,three-shot,42,client_output_tokens_per_second,1000,63.77841271718508,69.3261794673831,72.97291292356401,73.4142736302872,74.14806850322468,34.842622355547746,74.57981220681246
completed,llm_http,qwen3-8b,gpu,three-shot,42,client_ttft,1000,86.35299038999995,85.9669605,90.39640560000001,90.8925571,91.71746704,78.85374,98.835318
completed,llm_http,qwen3-8b,gpu,three-shot,42,server_decode,0,,,,,,,
completed,llm_http,qwen3-8b,gpu,three-shot,42,server_generation,0,,,,,,,
completed,llm_http,qwen3-8b,gpu,three-shot,42,server_inference,0,,,,,,,
completed,llm_http,qwen3-8b,gpu,three-shot,42,server_mean_itl,0,,,,,,,
completed,llm_http,qwen3-8b,gpu,three-shot,42,server_prefill,0,,,,,,,
completed,llm_http,qwen3-8b,gpu,three-shot,42,server_queue,0,,,,,,,
completed,llm_http,qwen3-8b,gpu,three-shot,42,server_tokens_per_second,0,,,,,,,
completed,llm_http,qwen3-8b,gpu,three-shot,42,server_ttft,0,,,,,,,
completed,llm_http,qwen3-8b,gpu,zero-shot,fixed,client_e2e,1000,823.4245763759993,522.9774315,1908.3545333000002,2385.690599299996,3724.68769581,87.140148,5062.585197
completed,llm_http,qwen3-8b,gpu,zero-shot,fixed,client_generation_after_first_token,1000,780.465744012999,482.150305,1865.2110578000002,2342.140586599996,3673.5864395999997,50.123836,5019.594038
completed,llm_http,qwen3-8b,gpu,zero-shot,fixed,client_output_tokens_per_second,1000,68.80422694859736,72.32820200013553,75.36082395175596,75.56392665262408,75.73839366996094,47.791429027768444,75.93652231171347
completed,llm_http,qwen3-8b,gpu,zero-shot,fixed,client_ttft,1000,42.95883236299996,42.6154045,49.210081200000005,51.2848588,52.003603580000004,34.57777,64.674141
completed,llm_http,qwen3-8b,gpu,zero-shot,fixed,server_decode,0,,,,,,,
completed,llm_http,qwen3-8b,gpu,zero-shot,fixed,server_generation,0,,,,,,,
completed,llm_http,qwen3-8b,gpu,zero-shot,fixed,server_inference,0,,,,,,,
completed,llm_http,qwen3-8b,gpu,zero-shot,fixed,server_mean_itl,0,,,,,,,
completed,llm_http,qwen3-8b,gpu,zero-shot,fixed,server_prefill,0,,,,,,,
completed,llm_http,qwen3-8b,gpu,zero-shot,fixed,server_queue,0,,,,,,,
completed,llm_http,qwen3-8b,gpu,zero-shot,fixed,server_tokens_per_second,0,,,,,,,
completed,llm_http,qwen3-8b,gpu,zero-shot,fixed,server_ttft,0,,,,,,,
completed,llm_http,qwen3.5-2b,gpu,one-shot,1771,client_e2e,1000,287.8436940759998,166.1115475,584.3516776,943.0897346999998,1526.3953472099997,73.154798,1639.951828
completed,llm_http,qwen3.5-2b,gpu,one-shot,1771,client_generation_after_first_token,1000,227.49862269300004,106.31568099999998,523.3241002,882.5575030499997,1467.4664960899995,14.895720000000004,1577.7275459999998
completed,llm_http,qwen3.5-2b,gpu,one-shot,1771,client_output_tokens_per_second,1000,169.22336333702907,161.9784910197579,219.73304922343914,228.11966053588367,233.8757038516231,57.16600316754537,234.6148125960846
completed,llm_http,qwen3.5-2b,gpu,one-shot,1771,client_ttft,1000,60.34507138299991,60.003688,62.366049,63.2625695,65.90810334999999,57.046136,72.325185
completed,llm_http,qwen3.5-2b,gpu,one-shot,1771,server_decode,0,,,,,,,
completed,llm_http,qwen3.5-2b,gpu,one-shot,1771,server_generation,0,,,,,,,
completed,llm_http,qwen3.5-2b,gpu,one-shot,1771,server_inference,0,,,,,,,
completed,llm_http,qwen3.5-2b,gpu,one-shot,1771,server_mean_itl,0,,,,,,,
completed,llm_http,qwen3.5-2b,gpu,one-shot,1771,server_prefill,0,,,,,,,
completed,llm_http,qwen3.5-2b,gpu,one-shot,1771,server_queue,0,,,,,,,
completed,llm_http,qwen3.5-2b,gpu,one-shot,1771,server_tokens_per_second,0,,,,,,,
completed,llm_http,qwen3.5-2b,gpu,one-shot,1771,server_ttft,0,,,,,,,
completed,llm_http,qwen3.5-2b,gpu,one-shot,2401,client_e2e,1000,205.25469563300015,162.0828875,343.62997950000005,500.61876824999996,1310.4851241599993,72.714385,1639.205544
completed,llm_http,qwen3.5-2b,gpu,one-shot,2401,client_generation_after_first_token,1000,144.5514518589998,102.05246600000001,283.24261220000005,440.3250457,1248.7016395399992,14.703039000000004,1578.49151
completed,llm_http,qwen3.5-2b,gpu,one-shot,2401,client_output_tokens_per_second,1000,150.93181487464196,159.68957526699418,203.05759992327685,215.9965163929298,232.1248528035154,58.37013969503727,234.6058269892364
completed,llm_http,qwen3.5-2b,gpu,one-shot,2401,client_ttft,1000,60.70324377399999,60.256347500000004,63.0683051,64.31823709999999,67.04618483,57.083643,71.640372
completed,llm_http,qwen3.5-2b,gpu,one-shot,2401,server_decode,0,,,,,,,
completed,llm_http,qwen3.5-2b,gpu,one-shot,2401,server_generation,0,,,,,,,
completed,llm_http,qwen3.5-2b,gpu,one-shot,2401,server_inference,0,,,,,,,
completed,llm_http,qwen3.5-2b,gpu,one-shot,2401,server_mean_itl,0,,,,,,,
completed,llm_http,qwen3.5-2b,gpu,one-shot,2401,server_prefill,0,,,,,,,
completed,llm_http,qwen3.5-2b,gpu,one-shot,2401,server_queue,0,,,,,,,
completed,llm_http,qwen3.5-2b,gpu,one-shot,2401,server_tokens_per_second,0,,,,,,,
completed,llm_http,qwen3.5-2b,gpu,one-shot,2401,server_ttft,0,,,,,,,
completed,llm_http,qwen3.5-2b,gpu,one-shot,42,client_e2e,1000,229.4863219440003,164.30983700000002,418.38206650000006,530.0134289999997,1137.7094771499992,73.162433,1638.409289
completed,llm_http,qwen3.5-2b,gpu,one-shot,42,client_generation_after_first_token,1000,168.6110327420001,102.34478899999999,358.28723010000004,469.0997855499998,1075.709581219999,14.508226999999998,1577.290637
completed,llm_http,qwen3.5-2b,gpu,one-shot,42,client_output_tokens_per_second,1000,162.98836451725157,160.65734212276908,209.81367267090218,217.0974735579993,230.44415546085665,60.538693148325144,234.6389041784888
completed,llm_http,qwen3.5-2b,gpu,one-shot,42,client_ttft,1000,60.875289202,60.5524165,63.3088461,64.52591385,66.75071703999998,56.964923,80.41918
completed,llm_http,qwen3.5-2b,gpu,one-shot,42,server_decode,0,,,,,,,
completed,llm_http,qwen3.5-2b,gpu,one-shot,42,server_generation,0,,,,,,,
completed,llm_http,qwen3.5-2b,gpu,one-shot,42,server_inference,0,,,,,,,
completed,llm_http,qwen3.5-2b,gpu,one-shot,42,server_mean_itl,0,,,,,,,
completed,llm_http,qwen3.5-2b,gpu,one-shot,42,server_prefill,0,,,,,,,
completed,llm_http,qwen3.5-2b,gpu,one-shot,42,server_queue,0,,,,,,,
completed,llm_http,qwen3.5-2b,gpu,one-shot,42,server_tokens_per_second,0,,,,,,,
completed,llm_http,qwen3.5-2b,gpu,one-shot,42,server_ttft,0,,,,,,,
completed,llm_http,qwen3.5-2b,gpu,three-shot,1771,client_e2e,1000,394.09757609999986,174.09309050000002,1004.5897952000001,1345.3954063999984,1641.7156550700001,74.637596,1643.567891
completed,llm_http,qwen3.5-2b,gpu,three-shot,1771,client_generation_after_first_token,1000,331.54253039199983,110.320547,942.1562529000001,1284.3464273499985,1578.6610754600001,14.248038000000008,1581.092649
completed,llm_http,qwen3.5-2b,gpu,three-shot,1771,client_output_tokens_per_second,1000,172.13655534992435,163.30915345645099,228.44151605789875,232.19436009080962,234.17665452256608,54.426959928705905,234.33670488562845
completed,llm_http,qwen3.5-2b,gpu,three-shot,1771,client_ttft,1000,62.5550457079999,62.2746095,64.9411487,65.98660145000001,68.77534213999999,58.941491,76.445809
completed,llm_http,qwen3.5-2b,gpu,three-shot,1771,server_decode,0,,,,,,,
completed,llm_http,qwen3.5-2b,gpu,three-shot,1771,server_generation,0,,,,,,,
completed,llm_http,qwen3.5-2b,gpu,three-shot,1771,server_inference,0,,,,,,,
completed,llm_http,qwen3.5-2b,gpu,three-shot,1771,server_mean_itl,0,,,,,,,
completed,llm_http,qwen3.5-2b,gpu,three-shot,1771,server_prefill,0,,,,,,,
completed,llm_http,qwen3.5-2b,gpu,three-shot,1771,server_queue,0,,,,,,,
completed,llm_http,qwen3.5-2b,gpu,three-shot,1771,server_tokens_per_second,0,,,,,,,
completed,llm_http,qwen3.5-2b,gpu,three-shot,1771,server_ttft,0,,,,,,,
completed,llm_http,qwen3.5-2b,gpu,three-shot,2401,client_e2e,1000,448.47805500600043,311.8909545,1012.9259367000002,1411.8920984000001,1640.56692492,75.914235,1644.555677
completed,llm_http,qwen3.5-2b,gpu,three-shot,2401,client_generation_after_first_token,1000,386.18875927800025,250.4209155,949.3312699,1343.8052217499999,1578.1201235800002,14.720562999999999,1579.137853
completed,llm_http,qwen3.5-2b,gpu,three-shot,2401,client_output_tokens_per_second,1000,188.3932135526209,196.66539556295896,228.6080688262296,232.43760256932222,234.15879829732296,60.45617472647027,234.38563104211403
completed,llm_http,qwen3.5-2b,gpu,three-shot,2401,client_ttft,1000,62.2892957279999,61.8745735,64.61408270000001,65.98074700000001,68.50217984000001,59.105973,72.913551
completed,llm_http,qwen3.5-2b,gpu,three-shot,2401,server_decode,0,,,,,,,
completed,llm_http,qwen3.5-2b,gpu,three-shot,2401,server_generation,0,,,,,,,
completed,llm_http,qwen3.5-2b,gpu,three-shot,2401,server_inference,0,,,,,,,
completed,llm_http,qwen3.5-2b,gpu,three-shot,2401,server_mean_itl,0,,,,,,,
completed,llm_http,qwen3.5-2b,gpu,three-shot,2401,server_prefill,0,,,,,,,
completed,llm_http,qwen3.5-2b,gpu,three-shot,2401,server_queue,0,,,,,,,
completed,llm_http,qwen3.5-2b,gpu,three-shot,2401,server_tokens_per_second,0,,,,,,,
completed,llm_http,qwen3.5-2b,gpu,three-shot,2401,server_ttft,0,,,,,,,
completed,llm_http,qwen3.5-2b,gpu,three-shot,42,client_e2e,1000,330.2861324370001,182.2750095,688.9618123,928.9242360999999,1640.34748685,74.356103,1646.038143
completed,llm_http,qwen3.5-2b,gpu,three-shot,42,client_generation_after_first_token,1000,267.7856931679999,118.3216455,626.5129455000002,865.9195843499998,1578.04050178,14.141652999999998,1579.472413
completed,llm_http,qwen3.5-2b,gpu,three-shot,42,client_output_tokens_per_second,1000,171.63644281534758,166.61460338036716,222.29293984792304,227.25458302477426,233.9995710004913,60.720872367543734,234.20405691182737
completed,llm_http,qwen3.5-2b,gpu,three-shot,42,client_ttft,1000,62.500439268999955,62.212599499999996,64.8364816,65.7584816,68.13911043,58.62938,70.202483
completed,llm_http,qwen3.5-2b,gpu,three-shot,42,server_decode,0,,,,,,,
completed,llm_http,qwen3.5-2b,gpu,three-shot,42,server_generation,0,,,,,,,
completed,llm_http,qwen3.5-2b,gpu,three-shot,42,server_inference,0,,,,,,,
completed,llm_http,qwen3.5-2b,gpu,three-shot,42,server_mean_itl,0,,,,,,,
completed,llm_http,qwen3.5-2b,gpu,three-shot,42,server_prefill,0,,,,,,,
completed,llm_http,qwen3.5-2b,gpu,three-shot,42,server_queue,0,,,,,,,
completed,llm_http,qwen3.5-2b,gpu,three-shot,42,server_tokens_per_second,0,,,,,,,
completed,llm_http,qwen3.5-2b,gpu,three-shot,42,server_ttft,0,,,,,,,
completed,llm_http,qwen3.5-2b,gpu,zero-shot,fixed,client_e2e,1000,219.85841118399995,162.355356,426.2773245,606.8014354999999,1032.20919438,72.890889,1643.766675
completed,llm_http,qwen3.5-2b,gpu,zero-shot,fixed,client_generation_after_first_token,1000,159.3142579540001,102.1420985,365.963369,547.5663588499998,971.99764722,14.810671,1580.7448610000001
completed,llm_http,qwen3.5-2b,gpu,zero-shot,fixed,client_output_tokens_per_second,1000,155.900764336541,160.0932585516907,211.1875879400989,220.2003302119836,229.42890488246408,62.17807534657095,234.7393087019054
completed,llm_http,qwen3.5-2b,gpu,zero-shot,fixed,client_ttft,1000,60.544153230000056,60.2831005,62.643056400000006,63.46595395,66.57575528999999,56.838444,73.459817
completed,llm_http,qwen3.5-2b,gpu,zero-shot,fixed,server_decode,0,,,,,,,
completed,llm_http,qwen3.5-2b,gpu,zero-shot,fixed,server_generation,0,,,,,,,
completed,llm_http,qwen3.5-2b,gpu,zero-shot,fixed,server_inference,0,,,,,,,
completed,llm_http,qwen3.5-2b,gpu,zero-shot,fixed,server_mean_itl,0,,,,,,,
completed,llm_http,qwen3.5-2b,gpu,zero-shot,fixed,server_prefill,0,,,,,,,
completed,llm_http,qwen3.5-2b,gpu,zero-shot,fixed,server_queue,0,,,,,,,
completed,llm_http,qwen3.5-2b,gpu,zero-shot,fixed,server_tokens_per_second,0,,,,,,,
completed,llm_http,qwen3.5-2b,gpu,zero-shot,fixed,server_ttft,0,,,,,,,
completed,llm_http,trendyol-llm-7b-chat-v4.1.0,gpu,one-shot,1771,client_e2e,1000,2246.7495169389995,1848.9396115,4662.4761115,4665.990847700001,4671.99477271,401.903159,4672.866409
completed,llm_http,trendyol-llm-7b-chat-v4.1.0,gpu,one-shot,1771,client_generation_after_first_token,1000,2201.198271313001,1801.5736205,4614.591305800001,4618.111428499999,4618.917384010001,360.92496600000004,4619.572251
completed,llm_http,trendyol-llm-7b-chat-v4.1.0,gpu,one-shot,1771,client_output_tokens_per_second,1000,81.15149727054914,81.48883077138072,82.29409478010848,82.32751630828986,82.38872188729334,76.13991855941066,82.48730486867602
completed,llm_http,trendyol-llm-7b-chat-v4.1.0,gpu,one-shot,1771,client_ttft,1000,45.55124562599999,46.658989500000004,48.329668600000005,52.87416355,53.38175926,36.912946,54.553588
completed,llm_http,trendyol-llm-7b-chat-v4.1.0,gpu,one-shot,1771,server_decode,0,,,,,,,
completed,llm_http,trendyol-llm-7b-chat-v4.1.0,gpu,one-shot,1771,server_generation,0,,,,,,,
completed,llm_http,trendyol-llm-7b-chat-v4.1.0,gpu,one-shot,1771,server_inference,0,,,,,,,
completed,llm_http,trendyol-llm-7b-chat-v4.1.0,gpu,one-shot,1771,server_mean_itl,0,,,,,,,
completed,llm_http,trendyol-llm-7b-chat-v4.1.0,gpu,one-shot,1771,server_prefill,0,,,,,,,
completed,llm_http,trendyol-llm-7b-chat-v4.1.0,gpu,one-shot,1771,server_queue,0,,,,,,,
completed,llm_http,trendyol-llm-7b-chat-v4.1.0,gpu,one-shot,1771,server_tokens_per_second,0,,,,,,,
completed,llm_http,trendyol-llm-7b-chat-v4.1.0,gpu,one-shot,1771,server_ttft,0,,,,,,,
completed,llm_http,trendyol-llm-7b-chat-v4.1.0,gpu,one-shot,2401,client_e2e,1000,2192.3949577810017,1771.9031555000001,4670.339044800001,4672.37087705,4673.951755439999,91.520641,4680.404654
completed,llm_http,trendyol-llm-7b-chat-v4.1.0,gpu,one-shot,2401,client_generation_after_first_token,1000,2142.5420460700016,1723.969099,4618.8690935,4619.3889134,4619.96602269,47.499682,4620.3512900000005
completed,llm_http,trendyol-llm-7b-chat-v4.1.0,gpu,one-shot,2401,client_output_tokens_per_second,1000,80.01556744414212,81.12782657219006,82.18908030902627,82.22566044717645,82.28350691970917,49.7760203524192,82.35762733051212
completed,llm_http,trendyol-llm-7b-chat-v4.1.0,gpu,one-shot,2401,client_ttft,1000,49.85291171100002,48.494723,53.506498799999996,53.8270293,59.90272269,43.105002,61.257588
completed,llm_http,trendyol-llm-7b-chat-v4.1.0,gpu,one-shot,2401,server_decode,0,,,,,,,
completed,llm_http,trendyol-llm-7b-chat-v4.1.0,gpu,one-shot,2401,server_generation,0,,,,,,,
completed,llm_http,trendyol-llm-7b-chat-v4.1.0,gpu,one-shot,2401,server_inference,0,,,,,,,
completed,llm_http,trendyol-llm-7b-chat-v4.1.0,gpu,one-shot,2401,server_mean_itl,0,,,,,,,
completed,llm_http,trendyol-llm-7b-chat-v4.1.0,gpu,one-shot,2401,server_prefill,0,,,,,,,
completed,llm_http,trendyol-llm-7b-chat-v4.1.0,gpu,one-shot,2401,server_queue,0,,,,,,,
completed,llm_http,trendyol-llm-7b-chat-v4.1.0,gpu,one-shot,2401,server_tokens_per_second,0,,,,,,,
completed,llm_http,trendyol-llm-7b-chat-v4.1.0,gpu,one-shot,2401,server_ttft,0,,,,,,,
completed,llm_http,trendyol-llm-7b-chat-v4.1.0,gpu,one-shot,42,client_e2e,1000,2727.1810436649994,2777.788336,4667.4862009,4668.3271739500005,4669.21972954,90.543907,4676.470463
completed,llm_http,trendyol-llm-7b-chat-v4.1.0,gpu,one-shot,42,client_generation_after_first_token,1000,2679.099156715998,2734.2242355,4614.9541873,4615.260284200001,4615.77532303,47.180125000000004,4615.989105
completed,llm_http,trendyol-llm-7b-chat-v4.1.0,gpu,one-shot,42,client_output_tokens_per_second,1000,80.4687362394803,81.95374641575133,82.36233589592179,82.40307160011045,82.43045439868978,52.374901683143925,82.43941235344869
completed,llm_http,trendyol-llm-7b-chat-v4.1.0,gpu,one-shot,42,client_ttft,1000,48.08188694900001,47.8820385,53.088000599999994,53.42190565,53.82971293,42.587069,60.492839
completed,llm_http,trendyol-llm-7b-chat-v4.1.0,gpu,one-shot,42,server_decode,0,,,,,,,
completed,llm_http,trendyol-llm-7b-chat-v4.1.0,gpu,one-shot,42,server_generation,0,,,,,,,
completed,llm_http,trendyol-llm-7b-chat-v4.1.0,gpu,one-shot,42,server_inference,0,,,,,,,
completed,llm_http,trendyol-llm-7b-chat-v4.1.0,gpu,one-shot,42,server_mean_itl,0,,,,,,,
completed,llm_http,trendyol-llm-7b-chat-v4.1.0,gpu,one-shot,42,server_prefill,0,,,,,,,
completed,llm_http,trendyol-llm-7b-chat-v4.1.0,gpu,one-shot,42,server_queue,0,,,,,,,
completed,llm_http,trendyol-llm-7b-chat-v4.1.0,gpu,one-shot,42,server_tokens_per_second,0,,,,,,,
completed,llm_http,trendyol-llm-7b-chat-v4.1.0,gpu,one-shot,42,server_ttft,0,,,,,,,
completed,llm_http,trendyol-llm-7b-chat-v4.1.0,gpu,three-shot,1771,client_e2e,1000,2104.1359266939985,1568.3444035,4699.9688903,4701.78945605,4710.21564498,403.258289,4711.957648
completed,llm_http,trendyol-llm-7b-chat-v4.1.0,gpu,three-shot,1771,client_generation_after_first_token,1000,2029.8083438390013,1496.710921,4623.3411382,4624.1365114499995,4624.835922819999,337.445433,4625.380885
completed,llm_http,trendyol-llm-7b-chat-v4.1.0,gpu,three-shot,1771,client_output_tokens_per_second,1000,79.25274208747348,79.6757460810653,81.65079882316303,81.6826731748462,81.72230552186036,70.90691023958492,81.80926252773108
completed,llm_http,trendyol-llm-7b-chat-v4.1.0,gpu,three-shot,1771,client_ttft,1000,74.32758285499995,76.67496,78.0659288,85.18827195,86.13396711000001,64.22352,87.182321
completed,llm_http,trendyol-llm-7b-chat-v4.1.0,gpu,three-shot,1771,server_decode,0,,,,,,,
completed,llm_http,trendyol-llm-7b-chat-v4.1.0,gpu,three-shot,1771,server_generation,0,,,,,,,
completed,llm_http,trendyol-llm-7b-chat-v4.1.0,gpu,three-shot,1771,server_inference,0,,,,,,,
completed,llm_http,trendyol-llm-7b-chat-v4.1.0,gpu,three-shot,1771,server_mean_itl,0,,,,,,,
completed,llm_http,trendyol-llm-7b-chat-v4.1.0,gpu,three-shot,1771,server_prefill,0,,,,,,,
completed,llm_http,trendyol-llm-7b-chat-v4.1.0,gpu,three-shot,1771,server_queue,0,,,,,,,
completed,llm_http,trendyol-llm-7b-chat-v4.1.0,gpu,three-shot,1771,server_tokens_per_second,0,,,,,,,
completed,llm_http,trendyol-llm-7b-chat-v4.1.0,gpu,three-shot,1771,server_ttft,0,,,,,,,
completed,llm_http,trendyol-llm-7b-chat-v4.1.0,gpu,three-shot,2401,client_e2e,1000,2806.839688030001,2564.4786395,4690.3913254,4691.5224895,4700.4945823200005,111.726664,4701.508389
completed,llm_http,trendyol-llm-7b-chat-v4.1.0,gpu,three-shot,2401,client_generation_after_first_token,1000,2741.7123481680005,2503.8543775,4622.731969300001,4623.06986185,4623.54405378,47.561936,4623.842642
completed,llm_http,trendyol-llm-7b-chat-v4.1.0,gpu,three-shot,2401,client_output_tokens_per_second,1000,80.41648594660046,81.17157909733412,81.88699532584347,81.91149862974972,81.93472403842806,43.66319093597566,81.99618588757838
completed,llm_http,trendyol-llm-7b-chat-v4.1.0,gpu,three-shot,2401,client_ttft,1000,65.12733986200003,65.99842000000001,68.2432657,74.93887714999997,77.243926,56.876041,78.066874
completed,llm_http,trendyol-llm-7b-chat-v4.1.0,gpu,three-shot,2401,server_decode,0,,,,,,,
completed,llm_http,trendyol-llm-7b-chat-v4.1.0,gpu,three-shot,2401,server_generation,0,,,,,,,
completed,llm_http,trendyol-llm-7b-chat-v4.1.0,gpu,three-shot,2401,server_inference,0,,,,,,,
completed,llm_http,trendyol-llm-7b-chat-v4.1.0,gpu,three-shot,2401,server_mean_itl,0,,,,,,,
completed,llm_http,trendyol-llm-7b-chat-v4.1.0,gpu,three-shot,2401,server_prefill,0,,,,,,,
completed,llm_http,trendyol-llm-7b-chat-v4.1.0,gpu,three-shot,2401,server_queue,0,,,,,,,
completed,llm_http,trendyol-llm-7b-chat-v4.1.0,gpu,three-shot,2401,server_tokens_per_second,0,,,,,,,
completed,llm_http,trendyol-llm-7b-chat-v4.1.0,gpu,three-shot,2401,server_ttft,0,,,,,,,
completed,llm_http,trendyol-llm-7b-chat-v4.1.0,gpu,three-shot,42,client_e2e,1000,2279.706551341998,1562.8821985,4702.1728161,4709.9872858,4711.49057259,133.346468,4712.662894
completed,llm_http,trendyol-llm-7b-chat-v4.1.0,gpu,three-shot,42,client_generation_after_first_token,1000,2202.2858328939974,1484.7882215,4624.334441500001,4624.7891101000005,4625.392860850001,59.55506199999999,4626.167681
completed,llm_http,trendyol-llm-7b-chat-v4.1.0,gpu,three-shot,42,client_output_tokens_per_second,1000,78.87683534125564,79.42182900965079,81.66836901752959,81.68423263984275,81.71484253603285,40.92637867651636,81.74114070598425
completed,llm_http,trendyol-llm-7b-chat-v4.1.0,gpu,three-shot,42,client_ttft,1000,77.420718448,77.182527,85.12844120000001,85.79571785,86.46185093,64.805497,87.240366
completed,llm_http,trendyol-llm-7b-chat-v4.1.0,gpu,three-shot,42,server_decode,0,,,,,,,
completed,llm_http,trendyol-llm-7b-chat-v4.1.0,gpu,three-shot,42,server_generation,0,,,,,,,
completed,llm_http,trendyol-llm-7b-chat-v4.1.0,gpu,three-shot,42,server_inference,0,,,,,,,
completed,llm_http,trendyol-llm-7b-chat-v4.1.0,gpu,three-shot,42,server_mean_itl,0,,,,,,,
completed,llm_http,trendyol-llm-7b-chat-v4.1.0,gpu,three-shot,42,server_prefill,0,,,,,,,
completed,llm_http,trendyol-llm-7b-chat-v4.1.0,gpu,three-shot,42,server_queue,0,,,,,,,
completed,llm_http,trendyol-llm-7b-chat-v4.1.0,gpu,three-shot,42,server_tokens_per_second,0,,,,,,,
completed,llm_http,trendyol-llm-7b-chat-v4.1.0,gpu,three-shot,42,server_ttft,0,,,,,,,
completed,llm_http,trendyol-llm-7b-chat-v4.1.0,gpu,zero-shot,fixed,client_e2e,1000,1317.6376551500007,437.32443,4486.8976129,4653.352990900001,4660.19598826,382.167446,4662.455699
completed,llm_http,trendyol-llm-7b-chat-v4.1.0,gpu,zero-shot,fixed,client_generation_after_first_token,1000,1278.4664742559999,397.1064095,4446.2215781,4612.7218154,4613.3676316500005,348.799085,4614.06314
completed,llm_http,trendyol-llm-7b-chat-v4.1.0,gpu,zero-shot,fixed,client_output_tokens_per_second,1000,79.5242915820961,78.92318898097346,82.42447125812703,82.52080843911988,82.58666489123613,75.96877228626643,82.606098711722
completed,llm_http,trendyol-llm-7b-chat-v4.1.0,gpu,zero-shot,fixed,client_ttft,1000,39.171180894,40.289887,42.4064174,46.689130899999995,47.45636814,28.72008,48.544756
completed,llm_http,trendyol-llm-7b-chat-v4.1.0,gpu,zero-shot,fixed,server_decode,0,,,,,,,
completed,llm_http,trendyol-llm-7b-chat-v4.1.0,gpu,zero-shot,fixed,server_generation,0,,,,,,,
completed,llm_http,trendyol-llm-7b-chat-v4.1.0,gpu,zero-shot,fixed,server_inference,0,,,,,,,
completed,llm_http,trendyol-llm-7b-chat-v4.1.0,gpu,zero-shot,fixed,server_mean_itl,0,,,,,,,
completed,llm_http,trendyol-llm-7b-chat-v4.1.0,gpu,zero-shot,fixed,server_prefill,0,,,,,,,
completed,llm_http,trendyol-llm-7b-chat-v4.1.0,gpu,zero-shot,fixed,server_queue,0,,,,,,,
completed,llm_http,trendyol-llm-7b-chat-v4.1.0,gpu,zero-shot,fixed,server_tokens_per_second,0,,,,,,,
completed,llm_http,trendyol-llm-7b-chat-v4.1.0,gpu,zero-shot,fixed,server_ttft,0,,,,,,,
completed,transformer_http,dbmdz-bert-base-turkish-cased-wiki-tuned,cpu,fine-tuned,fixed,client_e2e,1000,50.22416762200011,48.65329800000001,66.4229273,70.53122965,76.18741997,22.324159,83.639397
completed,transformer_http,dbmdz-bert-base-turkish-cased-wiki-tuned,cpu,fine-tuned,fixed,http_framework_residual,1000,1.4035793369999983,1.3939365000000006,1.4797404000000027,1.5149952499999997,1.7014891099999971,1.2241599999999977,2.6636590000000027
completed,transformer_http,dbmdz-bert-base-turkish-cased-wiki-tuned,cpu,fine-tuned,fixed,model_execution,1000,48.05279269299994,46.530142999999995,64.1988723,68.36361695,73.80979016,20.412251,81.199197
completed,transformer_http,dbmdz-bert-base-turkish-cased-wiki-tuned,cpu,fine-tuned,fixed,postprocessing,1000,0.1378591670000001,0.135204,0.1658153,0.17791159999999998,0.20964225999999997,0.087896,0.271449
completed,transformer_http,dbmdz-bert-base-turkish-cased-wiki-tuned,cpu,fine-tuned,fixed,queue,1000,0.0,0.0,0.0,0.0,0.0,0.0,0.0
completed,transformer_http,dbmdz-bert-base-turkish-cased-wiki-tuned,cpu,fine-tuned,fixed,request_parsing,1000,0.03910585299999995,0.037351999999999996,0.048888,0.05546174999999999,0.0657575,0.022074,0.124278
completed,transformer_http,dbmdz-bert-base-turkish-cased-wiki-tuned,cpu,fine-tuned,fixed,serialization,1000,0.07206375400000008,0.070907,0.0889808,0.0950167,0.10927991999999997,0.049203,0.154132
completed,transformer_http,dbmdz-bert-base-turkish-cased-wiki-tuned,cpu,fine-tuned,fixed,server_total,1000,48.82058828500006,47.2826075,65.0432256,69.18834475,74.74245363999998,20.941667,82.21682
completed,transformer_http,dbmdz-bert-base-turkish-cased-wiki-tuned,cpu,fine-tuned,fixed,tokenization,1000,0.454876432,0.446395,0.5530355,0.5877351499999999,0.66937601,0.292913,1.129134
completed,transformer_http,dbmdz-bert-base-turkish-cased-wiki-tuned,gpu,fine-tuned,fixed,client_e2e,1000,10.846996049000007,10.731902,11.513244900000002,11.830771499999999,13.05193655,9.836604,17.844137
completed,transformer_http,dbmdz-bert-base-turkish-cased-wiki-tuned,gpu,fine-tuned,fixed,http_framework_residual,1000,1.0295354080000008,1.0245979999999992,1.192282399999999,1.229766300000001,1.3133170799999996,0.758519999999999,1.9722679999999997
completed,transformer_http,dbmdz-bert-base-turkish-cased-wiki-tuned,gpu,fine-tuned,fixed,model_execution,1000,8.951563594000012,8.844566,9.3660096,9.640429799999998,10.765198969999998,8.353436,15.719723
completed,transformer_http,dbmdz-bert-base-turkish-cased-wiki-tuned,gpu,fine-tuned,fixed,postprocessing,1000,0.1676823299999998,0.1649285,0.1981225,0.20794535,0.22630925,0.116374,0.327452
completed,transformer_http,dbmdz-bert-base-turkish-cased-wiki-tuned,gpu,fine-tuned,fixed,queue,1000,0.0,0.0,0.0,0.0,0.0,0.0,0.0
completed,transformer_http,dbmdz-bert-base-turkish-cased-wiki-tuned,gpu,fine-tuned,fixed,request_parsing,1000,0.03403943599999994,0.0328125,0.0437539,0.04824999999999999,0.0601018,0.019398,0.134041
completed,transformer_http,dbmdz-bert-base-turkish-cased-wiki-tuned,gpu,fine-tuned,fixed,serialization,1000,0.053867907000000013,0.0535415,0.0673075,0.07242544999999999,0.08452819000000002,0.03163,0.103517
completed,transformer_http,dbmdz-bert-base-turkish-cased-wiki-tuned,gpu,fine-tuned,fixed,server_total,1000,9.817460640999998,9.704733000000001,10.3702363,10.6830354,11.86032897,8.99503,16.756519
completed,transformer_http,dbmdz-bert-base-turkish-cased-wiki-tuned,gpu,fine-tuned,fixed,tokenization,1000,0.5171878559999997,0.5101424999999999,0.6337716999999999,0.67314435,0.74421108,0.302421,1.28294
completed,transformer_http,dbmdz-distilbert-base-turkish-cased-wiki-tuned,cpu,fine-tuned,fixed,client_e2e,1000,28.788127293000016,26.962511,38.00394,39.997728450000004,43.26633887,13.027516,45.653345
completed,transformer_http,dbmdz-distilbert-base-turkish-cased-wiki-tuned,cpu,fine-tuned,fixed,http_framework_residual,1000,1.393574788000002,1.3845449999999992,1.4763063999999986,1.5045755499999975,1.576469410000002,1.20073,2.752644
completed,transformer_http,dbmdz-distilbert-base-turkish-cased-wiki-tuned,cpu,fine-tuned,fixed,model_execution,1000,26.61955657600003,24.682618,35.7183925,37.62257315,40.87182245,11.090267,43.270943
completed,transformer_http,dbmdz-distilbert-base-turkish-cased-wiki-tuned,cpu,fine-tuned,fixed,postprocessing,1000,0.13885966600000005,0.133967,0.169084,0.18116699999999997,0.21392683999999998,0.086168,1.462917
completed,transformer_http,dbmdz-distilbert-base-turkish-cased-wiki-tuned,cpu,fine-tuned,fixed,queue,1000,0.0,0.0,0.0,0.0,0.0,0.0,0.0
completed,transformer_http,dbmdz-distilbert-base-turkish-cased-wiki-tuned,cpu,fine-tuned,fixed,request_parsing,1000,0.039931080000000035,0.0381905,0.05169340000000001,0.05903535,0.06946153,0.02333,0.078923
completed,transformer_http,dbmdz-distilbert-base-turkish-cased-wiki-tuned,cpu,fine-tuned,fixed,serialization,1000,0.07469279600000003,0.0726965,0.0928433,0.10006565,0.11453709,0.047975,0.140464
completed,transformer_http,dbmdz-distilbert-base-turkish-cased-wiki-tuned,cpu,fine-tuned,fixed,server_total,1000,27.394552504999993,25.534024,36.5912961,38.5288043,41.89469929,11.658039,44.310306
completed,transformer_http,dbmdz-distilbert-base-turkish-cased-wiki-tuned,cpu,fine-tuned,fixed,tokenization,1000,0.4558926990000001,0.4470045,0.5576023,0.59179395,0.6609156699999997,0.280063,0.820153
completed,transformer_http,dbmdz-distilbert-base-turkish-cased-wiki-tuned,gpu,fine-tuned,fixed,client_e2e,1000,6.9123148859999946,6.807320499999999,7.566654300000001,7.884510699999998,8.91374431,6.004363,10.929941
completed,transformer_http,dbmdz-distilbert-base-turkish-cased-wiki-tuned,gpu,fine-tuned,fixed,http_framework_residual,1000,1.0043440690000007,0.9997094999999998,1.1594099999999996,1.2161280499999998,1.3320603900000005,0.7353459999999998,2.2310299999999996
completed,transformer_http,dbmdz-distilbert-base-turkish-cased-wiki-tuned,gpu,fine-tuned,fixed,model_execution,1000,5.034608694999999,4.955295,5.3670148,5.649732599999999,6.45319359,4.553221,8.254602
completed,transformer_http,dbmdz-distilbert-base-turkish-cased-wiki-tuned,gpu,fine-tuned,fixed,postprocessing,1000,0.16431557400000008,0.16169850000000002,0.1912885,0.20067914999999997,0.22229687999999997,0.113191,1.398913
completed,transformer_http,dbmdz-distilbert-base-turkish-cased-wiki-tuned,gpu,fine-tuned,fixed,queue,1000,0.0,0.0,0.0,0.0,0.0,0.0,0.0
completed,transformer_http,dbmdz-distilbert-base-turkish-cased-wiki-tuned,gpu,fine-tuned,fixed,request_parsing,1000,0.034622464999999984,0.033188,0.045848299999999995,0.0509001,0.06341899999999999,0.018853,0.080897
completed,transformer_http,dbmdz-distilbert-base-turkish-cased-wiki-tuned,gpu,fine-tuned,fixed,serialization,1000,0.05169123399999996,0.0511775,0.06475560000000001,0.07078109999999999,0.08327087999999998,0.030707,0.10865
completed,transformer_http,dbmdz-distilbert-base-turkish-cased-wiki-tuned,gpu,fine-tuned,fixed,server_total,1000,5.907970817000001,5.820691,6.4074115,6.686780099999997,7.70119319,5.243606,9.676718
completed,transformer_http,dbmdz-distilbert-base-turkish-cased-wiki-tuned,gpu,fine-tuned,fixed,tokenization,1000,0.5313160690000001,0.5233855,0.6537743,0.7120057499999999,0.82918537,0.288389,1.180627
